2025-02-14 16:58:59,493 - INFO - Starting SAGAN Project Manager
2025-02-14 16:58:59,493 - INFO - Created projects base directory: C:\UniLu\Spaider\sagan\sagan_smolagents\sagan_smolagents\projects
2025-02-14 16:58:59,493 - DEBUG - Project initialized with config: <module 'config' from 'C:\\UniLu\\Spaider\\sagan\\sagan_smolagents\\sagan_smolagents\\config.py'>
2025-02-14 16:59:56,799 - INFO - Exiting SAGAN Project Manager
2025-02-14 17:06:46,285 - INFO - Starting SAGAN Project Manager
2025-02-14 17:06:46,285 - DEBUG - Project initialized with config: <module 'config' from 'C:\\UniLu\\Spaider\\sagan\\sagan_smolagents\\sagan_smolagents\\config.py'>
2025-02-14 17:07:01,339 - DEBUG - Created directory: C:\UniLu\Spaider\sagan\sagan_smolagents\sagan_smolagents\projects\project_20250214_170701_339112
2025-02-14 17:07:01,339 - DEBUG - Created directory: C:\UniLu\Spaider\sagan\sagan_smolagents\sagan_smolagents\projects\project_20250214_170701_339112\data
2025-02-14 17:07:01,339 - DEBUG - Created directory: C:\UniLu\Spaider\sagan\sagan_smolagents\sagan_smolagents\projects\project_20250214_170701_339112\vectordb
2025-02-14 17:07:01,339 - DEBUG - Created directory: C:\UniLu\Spaider\sagan\sagan_smolagents\sagan_smolagents\projects\project_20250214_170701_339112\template
2025-02-14 17:07:01,339 - DEBUG - Created directory: C:\UniLu\Spaider\sagan\sagan_smolagents\sagan_smolagents\projects\project_20250214_170701_339112\workflow1_output
2025-02-14 17:07:01,339 - DEBUG - Created directory: C:\UniLu\Spaider\sagan\sagan_smolagents\sagan_smolagents\projects\project_20250214_170701_339112\workflow2_output
2025-02-14 17:07:01,339 - DEBUG - Created directory: C:\UniLu\Spaider\sagan\sagan_smolagents\sagan_smolagents\projects\project_20250214_170701_339112\workflow1_output\nodewise_output
2025-02-14 17:07:01,339 - DEBUG - Created directory: C:\UniLu\Spaider\sagan\sagan_smolagents\sagan_smolagents\projects\project_20250214_170701_339112\workflow1_output\retrieved_images
2025-02-14 17:07:01,339 - DEBUG - Opening file selection dialog: Select input files
2025-02-14 17:07:28,271 - DEBUG - Selected files: [WindowsPath('C:/UniLu/Spaider/Data for Training/knowledge_base/LuPoiNT-Final-Presentation_16-06-22.pdf')]
2025-02-14 17:07:28,278 - INFO - Updating vector database for project: project_20250214_170701_339112
2025-02-14 17:07:28,290 - DEBUG - Copied file: C:\UniLu\Spaider\Data for Training\knowledge_base\LuPoiNT-Final-Presentation_16-06-22.pdf to C:\UniLu\Spaider\sagan\sagan_smolagents\sagan_smolagents\projects\project_20250214_170701_339112\data
2025-02-14 17:07:28,291 - ERROR - Failed to update vector database: module 'config' has no attribute 'ingest_data'
2025-02-14 17:08:12,918 - DEBUG - Created directory: C:\UniLu\Spaider\sagan\sagan_smolagents\sagan_smolagents\projects\project_20250214_170812_918346
2025-02-14 17:08:12,918 - DEBUG - Created directory: C:\UniLu\Spaider\sagan\sagan_smolagents\sagan_smolagents\projects\project_20250214_170812_918346\data
2025-02-14 17:08:12,918 - DEBUG - Created directory: C:\UniLu\Spaider\sagan\sagan_smolagents\sagan_smolagents\projects\project_20250214_170812_918346\vectordb
2025-02-14 17:08:12,918 - DEBUG - Created directory: C:\UniLu\Spaider\sagan\sagan_smolagents\sagan_smolagents\projects\project_20250214_170812_918346\template
2025-02-14 17:08:12,918 - DEBUG - Created directory: C:\UniLu\Spaider\sagan\sagan_smolagents\sagan_smolagents\projects\project_20250214_170812_918346\workflow1_output
2025-02-14 17:08:12,918 - DEBUG - Created directory: C:\UniLu\Spaider\sagan\sagan_smolagents\sagan_smolagents\projects\project_20250214_170812_918346\workflow2_output
2025-02-14 17:08:12,918 - DEBUG - Created directory: C:\UniLu\Spaider\sagan\sagan_smolagents\sagan_smolagents\projects\project_20250214_170812_918346\workflow1_output\nodewise_output
2025-02-14 17:08:12,918 - DEBUG - Created directory: C:\UniLu\Spaider\sagan\sagan_smolagents\sagan_smolagents\projects\project_20250214_170812_918346\workflow1_output\retrieved_images
2025-02-14 17:08:12,918 - DEBUG - Opening file selection dialog: Select input files
2025-02-14 17:08:22,525 - DEBUG - Selected files: [WindowsPath('C:/UniLu/Spaider/Data for Training/knowledge_base/satsearch_adcs_webinar_slide_deck_tensor_tech_1ntw28.pdf')]
2025-02-14 17:08:22,525 - INFO - Updating vector database for project: project_20250214_170812_918346
2025-02-14 17:08:22,543 - DEBUG - Copied file: C:\UniLu\Spaider\Data for Training\knowledge_base\satsearch_adcs_webinar_slide_deck_tensor_tech_1ntw28.pdf to C:\UniLu\Spaider\sagan\sagan_smolagents\sagan_smolagents\projects\project_20250214_170812_918346\data
2025-02-14 17:08:22,543 - ERROR - Failed to update vector database: module 'config' has no attribute 'ingest_data'
2025-02-14 17:08:24,682 - INFO - Exiting SAGAN Project Manager
2025-02-14 17:11:31,889 - INFO - Starting SAGAN Project Manager
2025-02-14 17:11:31,889 - DEBUG - Project initialized with config: <module 'config' from 'C:\\UniLu\\Spaider\\sagan\\sagan_smolagents\\sagan_smolagents\\config.py'>
2025-02-14 17:11:36,851 - DEBUG - Created directory: C:\UniLu\Spaider\sagan\sagan_smolagents\sagan_smolagents\projects\project_20250214_171136_841159
2025-02-14 17:11:36,851 - DEBUG - Created directory: C:\UniLu\Spaider\sagan\sagan_smolagents\sagan_smolagents\projects\project_20250214_171136_841159\data
2025-02-14 17:11:36,851 - DEBUG - Created directory: C:\UniLu\Spaider\sagan\sagan_smolagents\sagan_smolagents\projects\project_20250214_171136_841159\vectordb
2025-02-14 17:11:36,851 - DEBUG - Created directory: C:\UniLu\Spaider\sagan\sagan_smolagents\sagan_smolagents\projects\project_20250214_171136_841159\template
2025-02-14 17:11:36,851 - DEBUG - Created directory: C:\UniLu\Spaider\sagan\sagan_smolagents\sagan_smolagents\projects\project_20250214_171136_841159\workflow1_output
2025-02-14 17:11:36,854 - DEBUG - Created directory: C:\UniLu\Spaider\sagan\sagan_smolagents\sagan_smolagents\projects\project_20250214_171136_841159\workflow2_output
2025-02-14 17:11:36,854 - DEBUG - Created directory: C:\UniLu\Spaider\sagan\sagan_smolagents\sagan_smolagents\projects\project_20250214_171136_841159\workflow1_output\nodewise_output
2025-02-14 17:11:36,855 - DEBUG - Created directory: C:\UniLu\Spaider\sagan\sagan_smolagents\sagan_smolagents\projects\project_20250214_171136_841159\workflow1_output\retrieved_images
2025-02-14 17:11:36,856 - DEBUG - Opening file selection dialog: Select input files
2025-02-14 17:11:41,890 - DEBUG - Selected files: [WindowsPath('C:/UniLu/Spaider/Data for Training/knowledge_base/satsearch_adcs_webinar_slide_deck_tensor_tech_1ntw28.pdf')]
2025-02-14 17:11:41,897 - INFO - Updating vector database for project: project_20250214_171136_841159
2025-02-14 17:11:41,901 - DEBUG - Copied file: C:\UniLu\Spaider\Data for Training\knowledge_base\satsearch_adcs_webinar_slide_deck_tensor_tech_1ntw28.pdf to C:\UniLu\Spaider\sagan\sagan_smolagents\sagan_smolagents\projects\project_20250214_171136_841159\data
2025-02-14 17:11:54,081 - ERROR - Failed to update vector database: Command '['C:\\Users\\sumit\\AppData\\Local\\pypoetry\\Cache\\virtualenvs\\sagan-smolagents-IrcAoJsT-py3.12\\Scripts\\python.exe', 'C:\\UniLu\\Spaider\\sagan\\sagan_smolagents\\sagan_smolagents\\ingest_data\\ingest_data.py', '--folder-path', 'C:\\UniLu\\Spaider\\sagan\\sagan_smolagents\\sagan_smolagents\\projects\\project_20250214_171136_841159\\data', '--persist-dir', 'C:\\UniLu\\Spaider\\sagan\\sagan_smolagents\\sagan_smolagents\\projects\\project_20250214_171136_841159\\vectordb', '--chunk-size', '512', '--chunk-overlap', '100']' returned non-zero exit status 3221225477.
2025-02-14 17:11:54,081 - ERROR - ingest_data.py stderr: 
2025-02-14 17:14:35,524 - INFO - Exiting SAGAN Project Manager
2025-02-14 17:15:53,888 - INFO - Starting SAGAN Project Manager
2025-02-14 17:15:53,889 - DEBUG - Project initialized with config: <module 'config' from 'C:\\UniLu\\Spaider\\sagan\\sagan_smolagents\\sagan_smolagents\\config.py'>
2025-02-14 17:16:00,169 - DEBUG - Created directory: C:\UniLu\Spaider\sagan\sagan_smolagents\sagan_smolagents\projects\project_20250214_171600_169428
2025-02-14 17:16:00,169 - DEBUG - Created directory: C:\UniLu\Spaider\sagan\sagan_smolagents\sagan_smolagents\projects\project_20250214_171600_169428\data
2025-02-14 17:16:00,169 - DEBUG - Created directory: C:\UniLu\Spaider\sagan\sagan_smolagents\sagan_smolagents\projects\project_20250214_171600_169428\vectordb
2025-02-14 17:16:00,169 - DEBUG - Created directory: C:\UniLu\Spaider\sagan\sagan_smolagents\sagan_smolagents\projects\project_20250214_171600_169428\template
2025-02-14 17:16:00,169 - DEBUG - Created directory: C:\UniLu\Spaider\sagan\sagan_smolagents\sagan_smolagents\projects\project_20250214_171600_169428\workflow1_output
2025-02-14 17:16:00,169 - DEBUG - Created directory: C:\UniLu\Spaider\sagan\sagan_smolagents\sagan_smolagents\projects\project_20250214_171600_169428\workflow2_output
2025-02-14 17:16:00,169 - DEBUG - Created directory: C:\UniLu\Spaider\sagan\sagan_smolagents\sagan_smolagents\projects\project_20250214_171600_169428\workflow1_output\nodewise_output
2025-02-14 17:16:00,169 - DEBUG - Created directory: C:\UniLu\Spaider\sagan\sagan_smolagents\sagan_smolagents\projects\project_20250214_171600_169428\workflow1_output\retrieved_images
2025-02-14 17:16:00,169 - DEBUG - Opening file selection dialog: Select input files
2025-02-14 17:16:07,093 - DEBUG - Selected files: [WindowsPath('C:/UniLu/Spaider/Data for Training/knowledge_base/satsearch_uuo4b2_vacco_industries_end_mounted_standard_mi_ps.pdf')]
2025-02-14 17:16:07,101 - INFO - Updating vector database for project: project_20250214_171600_169428
2025-02-14 17:16:07,113 - DEBUG - Copied file: C:\UniLu\Spaider\Data for Training\knowledge_base\satsearch_uuo4b2_vacco_industries_end_mounted_standard_mi_ps.pdf to C:\UniLu\Spaider\sagan\sagan_smolagents\sagan_smolagents\projects\project_20250214_171600_169428\data
2025-02-14 17:16:15,125 - ERROR - Failed to update vector database: Command '['C:\\Users\\sumit\\AppData\\Local\\pypoetry\\Cache\\virtualenvs\\sagan-smolagents-IrcAoJsT-py3.12\\Scripts\\python.exe', 'C:\\UniLu\\Spaider\\sagan\\sagan_smolagents\\sagan_smolagents\\ingest_data\\ingest_data.py', '--folder-path', 'C:\\UniLu\\Spaider\\sagan\\sagan_smolagents\\sagan_smolagents\\projects\\project_20250214_171600_169428\\data', '--persist-dir', 'C:\\UniLu\\Spaider\\sagan\\sagan_smolagents\\sagan_smolagents\\projects\\project_20250214_171600_169428\\vectordb', '--chunk-size', '512', '--chunk-overlap', '100']' returned non-zero exit status 3221226505.
2025-02-14 17:16:15,126 - ERROR - ingest_data.py stderr: 
2025-02-14 17:20:33,216 - INFO - Exiting SAGAN Project Manager
2025-02-14 17:20:42,624 - INFO - Starting SAGAN Project Manager
2025-02-14 17:20:42,624 - DEBUG - Project initialized with config: <module 'config' from 'C:\\UniLu\\Spaider\\sagan\\sagan_smolagents\\sagan_smolagents\\config.py'>
2025-02-14 17:20:48,748 - DEBUG - Created directory: C:\UniLu\Spaider\sagan\sagan_smolagents\sagan_smolagents\projects\project_20250214_172048_734279
2025-02-14 17:20:48,748 - DEBUG - Created directory: C:\UniLu\Spaider\sagan\sagan_smolagents\sagan_smolagents\projects\project_20250214_172048_734279\data
2025-02-14 17:20:48,748 - DEBUG - Created directory: C:\UniLu\Spaider\sagan\sagan_smolagents\sagan_smolagents\projects\project_20250214_172048_734279\vectordb
2025-02-14 17:20:48,748 - DEBUG - Created directory: C:\UniLu\Spaider\sagan\sagan_smolagents\sagan_smolagents\projects\project_20250214_172048_734279\template
2025-02-14 17:20:48,758 - DEBUG - Created directory: C:\UniLu\Spaider\sagan\sagan_smolagents\sagan_smolagents\projects\project_20250214_172048_734279\workflow1_output
2025-02-14 17:20:48,758 - DEBUG - Created directory: C:\UniLu\Spaider\sagan\sagan_smolagents\sagan_smolagents\projects\project_20250214_172048_734279\workflow2_output
2025-02-14 17:20:48,760 - DEBUG - Created directory: C:\UniLu\Spaider\sagan\sagan_smolagents\sagan_smolagents\projects\project_20250214_172048_734279\workflow1_output\nodewise_output
2025-02-14 17:20:48,760 - DEBUG - Created directory: C:\UniLu\Spaider\sagan\sagan_smolagents\sagan_smolagents\projects\project_20250214_172048_734279\workflow1_output\retrieved_images
2025-02-14 17:20:48,761 - DEBUG - Opening file selection dialog: Select input files
2025-02-14 17:20:54,160 - DEBUG - Selected files: [WindowsPath('C:/UniLu/Spaider/Data for Training/knowledge_base/satsearch_datasheet_8n2hth_d-orbit_obc-core.pdf')]
2025-02-14 17:20:54,167 - INFO - Updating vector database for project: project_20250214_172048_734279
2025-02-14 17:20:54,183 - DEBUG - Copied file: C:\UniLu\Spaider\Data for Training\knowledge_base\satsearch_datasheet_8n2hth_d-orbit_obc-core.pdf to C:\UniLu\Spaider\sagan\sagan_smolagents\sagan_smolagents\projects\project_20250214_172048_734279\data\satsearch_datasheet_8n2hth_d-orbit_obc-core.pdf
2025-02-14 17:39:33,259 - INFO - Starting SAGAN Project Manager
2025-02-14 17:39:33,260 - DEBUG - Project initialized with config: <module 'config' from 'C:\\UniLu\\Spaider\\sagan\\sagan_smolagents\\sagan_smolagents\\config.py'>
2025-02-14 17:39:38,982 - DEBUG - Created directory: C:\UniLu\Spaider\sagan\sagan_smolagents\sagan_smolagents\projects\project_20250214_173938_982145
2025-02-14 17:39:38,982 - DEBUG - Created directory: C:\UniLu\Spaider\sagan\sagan_smolagents\sagan_smolagents\projects\project_20250214_173938_982145\data
2025-02-14 17:39:38,982 - DEBUG - Created directory: C:\UniLu\Spaider\sagan\sagan_smolagents\sagan_smolagents\projects\project_20250214_173938_982145\vectordb
2025-02-14 17:39:38,982 - DEBUG - Created directory: C:\UniLu\Spaider\sagan\sagan_smolagents\sagan_smolagents\projects\project_20250214_173938_982145\template
2025-02-14 17:39:38,989 - DEBUG - Created directory: C:\UniLu\Spaider\sagan\sagan_smolagents\sagan_smolagents\projects\project_20250214_173938_982145\workflow1_output
2025-02-14 17:39:38,989 - DEBUG - Created directory: C:\UniLu\Spaider\sagan\sagan_smolagents\sagan_smolagents\projects\project_20250214_173938_982145\workflow2_output
2025-02-14 17:39:38,990 - DEBUG - Created directory: C:\UniLu\Spaider\sagan\sagan_smolagents\sagan_smolagents\projects\project_20250214_173938_982145\workflow1_output\nodewise_output
2025-02-14 17:39:38,990 - DEBUG - Created directory: C:\UniLu\Spaider\sagan\sagan_smolagents\sagan_smolagents\projects\project_20250214_173938_982145\workflow1_output\retrieved_images
2025-02-14 17:39:38,992 - DEBUG - Opening file selection dialog: Select input files
2025-02-14 17:39:43,363 - DEBUG - Selected files: [WindowsPath('C:/UniLu/Spaider/Data for Training/knowledge_base/satsearch_adcs_webinar_slide_deck_space_inventor_ferqe4.pdf')]
2025-02-14 17:39:43,371 - INFO - Updating vector database for project: project_20250214_173938_982145
2025-02-14 17:39:43,376 - DEBUG - Copied file: C:\UniLu\Spaider\Data for Training\knowledge_base\satsearch_adcs_webinar_slide_deck_space_inventor_ferqe4.pdf to C:\UniLu\Spaider\sagan\sagan_smolagents\sagan_smolagents\projects\project_20250214_173938_982145\data\satsearch_adcs_webinar_slide_deck_space_inventor_ferqe4.pdf
2025-02-14 17:39:43,377 - ERROR - Vector database creation failed: process_folder() got an unexpected keyword argument 'chunk_size'
2025-02-14 17:41:57,852 - INFO - Exiting SAGAN Project Manager
2025-02-14 17:42:04,576 - INFO - Starting SAGAN Project Manager
2025-02-14 17:42:04,576 - DEBUG - Project initialized with config: <module 'config' from 'C:\\UniLu\\Spaider\\sagan\\sagan_smolagents\\sagan_smolagents\\config.py'>
2025-02-14 17:42:08,222 - DEBUG - Created directory: C:\UniLu\Spaider\sagan\sagan_smolagents\sagan_smolagents\projects\project_20250214_174208_222049
2025-02-14 17:42:08,222 - DEBUG - Created directory: C:\UniLu\Spaider\sagan\sagan_smolagents\sagan_smolagents\projects\project_20250214_174208_222049\data
2025-02-14 17:42:08,222 - DEBUG - Created directory: C:\UniLu\Spaider\sagan\sagan_smolagents\sagan_smolagents\projects\project_20250214_174208_222049\vectordb
2025-02-14 17:42:08,222 - DEBUG - Created directory: C:\UniLu\Spaider\sagan\sagan_smolagents\sagan_smolagents\projects\project_20250214_174208_222049\template
2025-02-14 17:42:08,238 - DEBUG - Created directory: C:\UniLu\Spaider\sagan\sagan_smolagents\sagan_smolagents\projects\project_20250214_174208_222049\workflow1_output
2025-02-14 17:42:08,238 - DEBUG - Created directory: C:\UniLu\Spaider\sagan\sagan_smolagents\sagan_smolagents\projects\project_20250214_174208_222049\workflow2_output
2025-02-14 17:42:08,238 - DEBUG - Created directory: C:\UniLu\Spaider\sagan\sagan_smolagents\sagan_smolagents\projects\project_20250214_174208_222049\workflow1_output\nodewise_output
2025-02-14 17:42:08,240 - DEBUG - Created directory: C:\UniLu\Spaider\sagan\sagan_smolagents\sagan_smolagents\projects\project_20250214_174208_222049\workflow1_output\retrieved_images
2025-02-14 17:42:08,241 - DEBUG - Opening file selection dialog: Select input files
2025-02-14 17:42:17,863 - DEBUG - Selected files: [WindowsPath('C:/UniLu/Spaider/Data for Training/knowledge_base/satsearch_datasheet_0ikzjm_hemeria_solar_arrays_for_smallsats.pdf')]
2025-02-14 17:42:17,871 - INFO - Updating vector database for project: project_20250214_174208_222049
2025-02-14 17:42:17,877 - DEBUG - Copied file: C:\UniLu\Spaider\Data for Training\knowledge_base\satsearch_datasheet_0ikzjm_hemeria_solar_arrays_for_smallsats.pdf to C:\UniLu\Spaider\sagan\sagan_smolagents\sagan_smolagents\projects\project_20250214_174208_222049\data\satsearch_datasheet_0ikzjm_hemeria_solar_arrays_for_smallsats.pdf
2025-02-14 17:48:43,814 - INFO - Starting SAGAN Project Manager
2025-02-14 17:48:43,814 - DEBUG - Project initialized with config: <module 'config' from 'C:\\UniLu\\Spaider\\sagan\\sagan_smolagents\\sagan_smolagents\\config.py'>
2025-02-14 17:48:49,100 - DEBUG - Created directory: C:\UniLu\Spaider\sagan\sagan_smolagents\sagan_smolagents\projects\project_20250214_174849_099232
2025-02-14 17:48:49,101 - DEBUG - Created directory: C:\UniLu\Spaider\sagan\sagan_smolagents\sagan_smolagents\projects\project_20250214_174849_099232\data
2025-02-14 17:48:49,101 - DEBUG - Created directory: C:\UniLu\Spaider\sagan\sagan_smolagents\sagan_smolagents\projects\project_20250214_174849_099232\vectordb
2025-02-14 17:48:49,101 - DEBUG - Created directory: C:\UniLu\Spaider\sagan\sagan_smolagents\sagan_smolagents\projects\project_20250214_174849_099232\template
2025-02-14 17:48:49,110 - DEBUG - Created directory: C:\UniLu\Spaider\sagan\sagan_smolagents\sagan_smolagents\projects\project_20250214_174849_099232\workflow1_output
2025-02-14 17:48:49,111 - DEBUG - Created directory: C:\UniLu\Spaider\sagan\sagan_smolagents\sagan_smolagents\projects\project_20250214_174849_099232\workflow2_output
2025-02-14 17:48:49,112 - DEBUG - Created directory: C:\UniLu\Spaider\sagan\sagan_smolagents\sagan_smolagents\projects\project_20250214_174849_099232\workflow1_output\nodewise_output
2025-02-14 17:48:49,112 - DEBUG - Created directory: C:\UniLu\Spaider\sagan\sagan_smolagents\sagan_smolagents\projects\project_20250214_174849_099232\workflow1_output\retrieved_images
2025-02-14 17:48:49,113 - DEBUG - Opening file selection dialog: Select input files
2025-02-14 17:48:55,941 - DEBUG - Selected files: [WindowsPath('C:/UniLu/Spaider/Data for Training/knowledge_base/satsearch_adcs_webinar_slide_deck_newspace_systems_nscj2x.pdf'), WindowsPath('C:/UniLu/Spaider/Data for Training/knowledge_base/satsearch_adcs_webinar_slide_deck_tensor_tech_1ntw28.pdf')]
2025-02-14 17:48:55,949 - INFO - Updating vector database for project: project_20250214_174849_099232
2025-02-14 17:48:55,962 - DEBUG - Copied file: C:\UniLu\Spaider\Data for Training\knowledge_base\satsearch_adcs_webinar_slide_deck_newspace_systems_nscj2x.pdf to C:\UniLu\Spaider\sagan\sagan_smolagents\sagan_smolagents\projects\project_20250214_174849_099232\data\satsearch_adcs_webinar_slide_deck_newspace_systems_nscj2x.pdf
2025-02-14 17:48:55,965 - DEBUG - Copied file: C:\UniLu\Spaider\Data for Training\knowledge_base\satsearch_adcs_webinar_slide_deck_tensor_tech_1ntw28.pdf to C:\UniLu\Spaider\sagan\sagan_smolagents\sagan_smolagents\projects\project_20250214_174849_099232\data\satsearch_adcs_webinar_slide_deck_tensor_tech_1ntw28.pdf
2025-02-14 17:56:56,588 - INFO - Starting SAGAN Project Manager
2025-02-14 17:56:56,588 - DEBUG - Project initialized with config: <module 'config' from 'C:\\UniLu\\Spaider\\sagan\\sagan_smolagents\\sagan_smolagents\\config.py'>
2025-02-14 17:56:59,499 - DEBUG - Created directory: C:\UniLu\Spaider\sagan\sagan_smolagents\sagan_smolagents\projects\project_20250214_175659_499514
2025-02-14 17:56:59,499 - DEBUG - Created directory: C:\UniLu\Spaider\sagan\sagan_smolagents\sagan_smolagents\projects\project_20250214_175659_499514\data
2025-02-14 17:56:59,499 - DEBUG - Created directory: C:\UniLu\Spaider\sagan\sagan_smolagents\sagan_smolagents\projects\project_20250214_175659_499514\vectordb
2025-02-14 17:56:59,499 - DEBUG - Created directory: C:\UniLu\Spaider\sagan\sagan_smolagents\sagan_smolagents\projects\project_20250214_175659_499514\template
2025-02-14 17:56:59,512 - DEBUG - Created directory: C:\UniLu\Spaider\sagan\sagan_smolagents\sagan_smolagents\projects\project_20250214_175659_499514\workflow1_output
2025-02-14 17:56:59,512 - DEBUG - Created directory: C:\UniLu\Spaider\sagan\sagan_smolagents\sagan_smolagents\projects\project_20250214_175659_499514\workflow2_output
2025-02-14 17:56:59,513 - DEBUG - Created directory: C:\UniLu\Spaider\sagan\sagan_smolagents\sagan_smolagents\projects\project_20250214_175659_499514\workflow1_output\nodewise_output
2025-02-14 17:56:59,513 - DEBUG - Created directory: C:\UniLu\Spaider\sagan\sagan_smolagents\sagan_smolagents\projects\project_20250214_175659_499514\workflow1_output\retrieved_images
2025-02-14 17:56:59,515 - DEBUG - Opening file selection dialog: Select input files
2025-02-14 17:57:04,749 - DEBUG - Selected files: [WindowsPath('C:/UniLu/Spaider/Data for Training/knowledge_base/satsearch_adcs_webinar_slide_deck_newspace_systems_nscj2x.pdf'), WindowsPath('C:/UniLu/Spaider/Data for Training/knowledge_base/satsearch_adcs_webinar_slide_deck_space_inventor_ferqe4.pdf'), WindowsPath('C:/UniLu/Spaider/Data for Training/knowledge_base/satsearch_adcs_webinar_slide_deck_tensor_tech_1ntw28.pdf')]
2025-02-14 17:57:04,757 - INFO - Updating vector database for project: project_20250214_175659_499514
2025-02-14 17:57:04,768 - DEBUG - Copied file: C:\UniLu\Spaider\Data for Training\knowledge_base\satsearch_adcs_webinar_slide_deck_newspace_systems_nscj2x.pdf to C:\UniLu\Spaider\sagan\sagan_smolagents\sagan_smolagents\projects\project_20250214_175659_499514\data\satsearch_adcs_webinar_slide_deck_newspace_systems_nscj2x.pdf
2025-02-14 17:57:04,768 - DEBUG - Copied file: C:\UniLu\Spaider\Data for Training\knowledge_base\satsearch_adcs_webinar_slide_deck_space_inventor_ferqe4.pdf to C:\UniLu\Spaider\sagan\sagan_smolagents\sagan_smolagents\projects\project_20250214_175659_499514\data\satsearch_adcs_webinar_slide_deck_space_inventor_ferqe4.pdf
2025-02-14 17:57:04,775 - DEBUG - Copied file: C:\UniLu\Spaider\Data for Training\knowledge_base\satsearch_adcs_webinar_slide_deck_tensor_tech_1ntw28.pdf to C:\UniLu\Spaider\sagan\sagan_smolagents\sagan_smolagents\projects\project_20250214_175659_499514\data\satsearch_adcs_webinar_slide_deck_tensor_tech_1ntw28.pdf
2025-02-16 15:05:15,379 - INFO - Starting SAGAN Project Manager
2025-02-16 15:05:15,380 - DEBUG - Project initialized with config: <module 'config' from 'C:\\UniLu\\Spaider\\sagan\\sagan_smolagents\\sagan_smolagents\\config.py'>
2025-02-16 15:05:21,817 - INFO - Exiting SAGAN Project Manager
2025-02-16 15:05:37,425 - INFO - Starting SAGAN Project Manager
2025-02-16 15:05:37,425 - DEBUG - Project initialized with config: <module 'config' from 'C:\\UniLu\\Spaider\\sagan\\sagan_smolagents\\sagan_smolagents\\config.py'>
2025-02-16 15:06:24,730 - DEBUG - Created directory: C:\UniLu\Spaider\sagan\sagan_smolagents\sagan_smolagents\projects\project_20250216_150624_730894
2025-02-16 15:06:24,730 - DEBUG - Created directory: C:\UniLu\Spaider\sagan\sagan_smolagents\sagan_smolagents\projects\project_20250216_150624_730894\data
2025-02-16 15:06:24,736 - DEBUG - Created directory: C:\UniLu\Spaider\sagan\sagan_smolagents\sagan_smolagents\projects\project_20250216_150624_730894\vectordb
2025-02-16 15:06:24,736 - DEBUG - Created directory: C:\UniLu\Spaider\sagan\sagan_smolagents\sagan_smolagents\projects\project_20250216_150624_730894\template
2025-02-16 15:06:24,745 - DEBUG - Created directory: C:\UniLu\Spaider\sagan\sagan_smolagents\sagan_smolagents\projects\project_20250216_150624_730894\workflow1_output
2025-02-16 15:06:24,745 - DEBUG - Created directory: C:\UniLu\Spaider\sagan\sagan_smolagents\sagan_smolagents\projects\project_20250216_150624_730894\workflow2_output
2025-02-16 15:06:24,747 - DEBUG - Created directory: C:\UniLu\Spaider\sagan\sagan_smolagents\sagan_smolagents\projects\project_20250216_150624_730894\workflow1_output\nodewise_output
2025-02-16 15:06:24,749 - DEBUG - Created directory: C:\UniLu\Spaider\sagan\sagan_smolagents\sagan_smolagents\projects\project_20250216_150624_730894\workflow1_output\retrieved_images
2025-02-16 15:06:24,751 - DEBUG - Opening file selection dialog: Select input files
2025-02-16 15:08:59,942 - DEBUG - Selected files: [WindowsPath('C:/UniLu/Spaider/Data for Training/knowledge_base/LuPoiNT-Final-Presentation_16-06-22.pdf')]
2025-02-16 15:08:59,965 - INFO - Updating vector database for project: project_20250216_150624_730894
2025-02-16 15:08:59,982 - DEBUG - Copied file: C:\UniLu\Spaider\Data for Training\knowledge_base\LuPoiNT-Final-Presentation_16-06-22.pdf to C:\UniLu\Spaider\sagan\sagan_smolagents\sagan_smolagents\projects\project_20250216_150624_730894\data\LuPoiNT-Final-Presentation_16-06-22.pdf
2025-02-16 15:08:59,983 - ERROR - Vector database creation failed: module 'ingest_data' has no attribute 'process_folder'
2025-02-16 15:09:50,747 - INFO - Exiting SAGAN Project Manager
2025-02-16 15:20:11,882 - INFO - Starting SAGAN Project Manager
2025-02-16 15:20:11,883 - DEBUG - Project initialized with config: <module 'config' from 'C:\\UniLu\\Spaider\\sagan\\sagan_smolagents\\sagan_smolagents\\config.py'>
2025-02-16 15:20:14,459 - DEBUG - Searching for projects in: C:\UniLu\Spaider\sagan\sagan_smolagents\sagan_smolagents\projects
2025-02-16 15:20:14,459 - DEBUG - Checking state file: C:\UniLu\Spaider\sagan\sagan_smolagents\sagan_smolagents\projects\project_20250214_174849_099232\state.json
2025-02-16 15:20:14,472 - DEBUG - Loaded project: potato (project_20250214_174849_099232)
2025-02-16 15:20:14,472 - DEBUG - Checking state file: C:\UniLu\Spaider\sagan\sagan_smolagents\sagan_smolagents\projects\project_20250214_175659_499514\state.json
2025-02-16 15:20:14,474 - DEBUG - Loaded project: asda (project_20250214_175659_499514)
2025-02-16 15:20:14,474 - DEBUG - Checking state file: C:\UniLu\Spaider\sagan\sagan_smolagents\sagan_smolagents\projects\project_20250216_150624_730894\state.json
2025-02-16 15:20:14,475 - DEBUG - Loaded project: test3 (project_20250216_150624_730894)
2025-02-16 15:20:14,476 - DEBUG - Found 3 projects
2025-02-16 15:20:14,476 - DEBUG - Showing project menu
2025-02-16 15:21:14,569 - ERROR - Failed to run workflow workflow1: Command '['C:\\Users\\sumit\\AppData\\Local\\pypoetry\\Cache\\virtualenvs\\sagan-smolagents-IrcAoJsT-py3.12\\Scripts\\python.exe', 'C:\\UniLu\\Spaider\\sagan\\sagan_smolagents\\sagan_smolagents\\sagan_workflow\\spaider_agent_temp\\app.py', '--project-id', 'project_20250216_150624_730894']' returned non-zero exit status 1.
2025-02-16 15:21:21,024 - INFO - Exiting SAGAN Project Manager
2025-02-16 15:43:33,927 - INFO - Starting SAGAN Project Manager
2025-02-16 15:43:33,927 - DEBUG - Project initialized with config: <module 'config' from 'C:\\UniLu\\Spaider\\sagan\\sagan_smolagents\\sagan_smolagents\\config.py'>
2025-02-16 15:43:35,549 - DEBUG - Searching for projects in: C:\UniLu\Spaider\sagan\sagan_smolagents\sagan_smolagents\projects
2025-02-16 15:43:35,549 - DEBUG - Checking state file: C:\UniLu\Spaider\sagan\sagan_smolagents\sagan_smolagents\projects\project_20250214_174849_099232\state.json
2025-02-16 15:43:35,549 - DEBUG - Loaded project: potato (project_20250214_174849_099232)
2025-02-16 15:43:35,551 - DEBUG - Checking state file: C:\UniLu\Spaider\sagan\sagan_smolagents\sagan_smolagents\projects\project_20250214_175659_499514\state.json
2025-02-16 15:43:35,551 - DEBUG - Loaded project: asda (project_20250214_175659_499514)
2025-02-16 15:43:35,551 - DEBUG - Checking state file: C:\UniLu\Spaider\sagan\sagan_smolagents\sagan_smolagents\projects\project_20250216_150624_730894\state.json
2025-02-16 15:43:35,551 - DEBUG - Loaded project: test3 (project_20250216_150624_730894)
2025-02-16 15:43:35,551 - DEBUG - Found 3 projects
2025-02-16 15:43:35,551 - DEBUG - Showing project menu
2025-02-16 15:43:59,991 - ERROR - Failed to run workflow workflow1: Command '['C:\\Users\\sumit\\AppData\\Local\\pypoetry\\Cache\\virtualenvs\\sagan-smolagents-IrcAoJsT-py3.12\\Scripts\\python.exe', 'C:\\UniLu\\Spaider\\sagan\\sagan_smolagents\\sagan_smolagents\\sagan_workflow\\spaider_agent_temp\\app.py', '--project-id', 'project_20250214_175659_499514']' returned non-zero exit status 1.
2025-02-16 15:44:08,001 - INFO - Exiting SAGAN Project Manager
2025-02-16 18:33:35,816 - INFO - Starting SAGAN Project Manager
2025-02-16 18:33:35,816 - DEBUG - Project initialized with config: <module 'config' from 'C:\\UniLu\\Spaider\\sagan\\sagan_smolagents\\sagan_smolagents\\config.py'>
2025-02-16 18:33:57,455 - DEBUG - Created directory: C:\UniLu\Spaider\sagan\sagan_smolagents\sagan_smolagents\projects\project_20250216_183357_455843
2025-02-16 18:33:57,455 - DEBUG - Created directory: C:\UniLu\Spaider\sagan\sagan_smolagents\sagan_smolagents\projects\project_20250216_183357_455843\data
2025-02-16 18:33:57,455 - DEBUG - Created directory: C:\UniLu\Spaider\sagan\sagan_smolagents\sagan_smolagents\projects\project_20250216_183357_455843\vectordb
2025-02-16 18:33:57,455 - DEBUG - Created directory: C:\UniLu\Spaider\sagan\sagan_smolagents\sagan_smolagents\projects\project_20250216_183357_455843\template
2025-02-16 18:33:57,470 - DEBUG - Created directory: C:\UniLu\Spaider\sagan\sagan_smolagents\sagan_smolagents\projects\project_20250216_183357_455843\workflow1_output
2025-02-16 18:33:57,471 - DEBUG - Created directory: C:\UniLu\Spaider\sagan\sagan_smolagents\sagan_smolagents\projects\project_20250216_183357_455843\workflow2_output
2025-02-16 18:33:57,471 - DEBUG - Created directory: C:\UniLu\Spaider\sagan\sagan_smolagents\sagan_smolagents\projects\project_20250216_183357_455843\workflow1_output\nodewise_output
2025-02-16 18:33:57,472 - DEBUG - Created directory: C:\UniLu\Spaider\sagan\sagan_smolagents\sagan_smolagents\projects\project_20250216_183357_455843\workflow1_output\retrieved_images
2025-02-16 18:33:57,473 - DEBUG - Opening file selection dialog: Select input files
2025-02-16 18:34:03,193 - DEBUG - Selected files: [WindowsPath('C:/UniLu/Spaider/Data for Training/knowledge_base/satsearch_datasheet_0ikzjm_hemeria_solar_arrays_for_smallsats.pdf')]
2025-02-16 18:34:03,205 - DEBUG - Copied file: C:\UniLu\Spaider\Data for Training\knowledge_base\satsearch_datasheet_0ikzjm_hemeria_solar_arrays_for_smallsats.pdf to C:\UniLu\Spaider\sagan\sagan_smolagents\sagan_smolagents\projects\project_20250216_183357_455843\data\satsearch_datasheet_0ikzjm_hemeria_solar_arrays_for_smallsats.pdf
2025-02-16 18:34:42,933 - DEBUG - Copied template: C:\UniLu\Spaider\sagan\sagan_smolagents\sagan_smolagents\fnr_template\Project Idea Template.docx to C:\UniLu\Spaider\sagan\sagan_smolagents\sagan_smolagents\projects\project_20250216_183357_455843\template\Project Idea Template.docx
2025-02-16 18:35:05,080 - DEBUG - Searching for projects in: C:\UniLu\Spaider\sagan\sagan_smolagents\sagan_smolagents\projects
2025-02-16 18:35:05,080 - DEBUG - Checking state file: C:\UniLu\Spaider\sagan\sagan_smolagents\sagan_smolagents\projects\project_20250214_174849_099232\state.json
2025-02-16 18:35:05,083 - DEBUG - Loaded project: potato (project_20250214_174849_099232)
2025-02-16 18:35:05,083 - DEBUG - Checking state file: C:\UniLu\Spaider\sagan\sagan_smolagents\sagan_smolagents\projects\project_20250214_175659_499514\state.json
2025-02-16 18:35:05,083 - DEBUG - Loaded project: asda (project_20250214_175659_499514)
2025-02-16 18:35:05,083 - DEBUG - Checking state file: C:\UniLu\Spaider\sagan\sagan_smolagents\sagan_smolagents\projects\project_20250216_150624_730894\state.json
2025-02-16 18:35:05,085 - DEBUG - Loaded project: test3 (project_20250216_150624_730894)
2025-02-16 18:35:05,085 - DEBUG - Checking state file: C:\UniLu\Spaider\sagan\sagan_smolagents\sagan_smolagents\projects\project_20250216_183357_455843\state.json
2025-02-16 18:35:05,095 - DEBUG - Loaded project: test4 (project_20250216_183357_455843)
2025-02-16 18:35:05,096 - DEBUG - Found 4 projects
2025-02-16 18:35:05,096 - DEBUG - Showing project menu
2025-02-16 18:35:21,561 - INFO - Exiting SAGAN Project Manager
2025-02-16 18:45:04,120 - INFO - Starting SAGAN Project Manager
2025-02-16 18:45:04,120 - DEBUG - Project initialized with config: <module 'config' from 'C:\\UniLu\\Spaider\\sagan\\sagan_smolagents\\sagan_smolagents\\config.py'>
2025-02-16 18:45:07,114 - DEBUG - Searching for projects in: C:\UniLu\Spaider\sagan\sagan_smolagents\sagan_smolagents\projects
2025-02-16 18:45:07,114 - DEBUG - Checking state file: C:\UniLu\Spaider\sagan\sagan_smolagents\sagan_smolagents\projects\project_20250214_174849_099232\state.json
2025-02-16 18:45:07,114 - DEBUG - Loaded project: potato (project_20250214_174849_099232)
2025-02-16 18:45:07,114 - DEBUG - Checking state file: C:\UniLu\Spaider\sagan\sagan_smolagents\sagan_smolagents\projects\project_20250214_175659_499514\state.json
2025-02-16 18:45:07,114 - DEBUG - Loaded project: asda (project_20250214_175659_499514)
2025-02-16 18:45:07,114 - DEBUG - Checking state file: C:\UniLu\Spaider\sagan\sagan_smolagents\sagan_smolagents\projects\project_20250216_150624_730894\state.json
2025-02-16 18:45:07,114 - DEBUG - Loaded project: test3 (project_20250216_150624_730894)
2025-02-16 18:45:07,114 - DEBUG - Checking state file: C:\UniLu\Spaider\sagan\sagan_smolagents\sagan_smolagents\projects\project_20250216_183357_455843\state.json
2025-02-16 18:45:07,114 - DEBUG - Loaded project: test4 (project_20250216_183357_455843)
2025-02-16 18:45:07,114 - DEBUG - Found 4 projects
2025-02-16 18:45:07,114 - DEBUG - Showing project menu
2025-02-16 18:45:17,701 - DEBUG - Opening file selection dialog: Select input files
2025-02-16 18:45:49,085 - DEBUG - Selected files: [WindowsPath('C:/UniLu/Spaider/Data for Training/knowledge_base/satsearch_adcs_webinar_slide_deck_newspace_systems_nscj2x.pdf'), WindowsPath('C:/UniLu/Spaider/Data for Training/knowledge_base/satsearch_adcs_webinar_slide_deck_space_inventor_ferqe4.pdf')]
2025-02-16 18:45:49,085 - INFO - Updating vector database for project: project_20250216_183357_455843
2025-02-16 18:45:49,106 - DEBUG - Copied file: C:\UniLu\Spaider\Data for Training\knowledge_base\satsearch_adcs_webinar_slide_deck_newspace_systems_nscj2x.pdf to C:\UniLu\Spaider\sagan\sagan_smolagents\sagan_smolagents\projects\project_20250216_183357_455843\data\satsearch_adcs_webinar_slide_deck_newspace_systems_nscj2x.pdf
2025-02-16 18:45:49,110 - DEBUG - Copied file: C:\UniLu\Spaider\Data for Training\knowledge_base\satsearch_adcs_webinar_slide_deck_space_inventor_ferqe4.pdf to C:\UniLu\Spaider\sagan\sagan_smolagents\sagan_smolagents\projects\project_20250216_183357_455843\data\satsearch_adcs_webinar_slide_deck_space_inventor_ferqe4.pdf
2025-02-16 18:45:58,151 - INFO - Successfully updated vectordb with 2 new files
2025-02-16 18:47:05,588 - DEBUG - Opening file selection dialog: Select input files
2025-02-16 18:47:13,998 - DEBUG - Selected files: [WindowsPath('C:/UniLu/Spaider/Data for Training/knowledge_base/LuPoiNT-Final-Presentation_16-06-22.pdf')]
2025-02-16 18:47:13,998 - INFO - Updating vector database for project: project_20250216_183357_455843
2025-02-16 18:47:14,026 - DEBUG - Copied file: C:\UniLu\Spaider\Data for Training\knowledge_base\LuPoiNT-Final-Presentation_16-06-22.pdf to C:\UniLu\Spaider\sagan\sagan_smolagents\sagan_smolagents\projects\project_20250216_183357_455843\data\LuPoiNT-Final-Presentation_16-06-22.pdf
2025-02-16 18:47:20,385 - INFO - Successfully updated vectordb with 1 new files
2025-02-16 18:47:38,012 - INFO - Exiting SAGAN Project Manager
2025-02-16 20:39:05,903 - INFO - Starting SAGAN Project Manager
2025-02-16 20:39:05,903 - DEBUG - Project initialized with config: <module 'config' from 'C:\\UniLu\\Spaider\\sagan\\sagan_smolagents\\sagan_smolagents\\config.py'>
2025-02-16 20:39:07,899 - DEBUG - Searching for projects in: C:\UniLu\Spaider\sagan\sagan_smolagents\sagan_smolagents\projects
2025-02-16 20:39:07,899 - DEBUG - Checking state file: C:\UniLu\Spaider\sagan\sagan_smolagents\sagan_smolagents\projects\project_20250214_174849_099232\state.json
2025-02-16 20:39:07,914 - DEBUG - Loaded project: potato (project_20250214_174849_099232)
2025-02-16 20:39:07,914 - DEBUG - Checking state file: C:\UniLu\Spaider\sagan\sagan_smolagents\sagan_smolagents\projects\project_20250214_175659_499514\state.json
2025-02-16 20:39:07,927 - DEBUG - Loaded project: asda (project_20250214_175659_499514)
2025-02-16 20:39:07,927 - DEBUG - Checking state file: C:\UniLu\Spaider\sagan\sagan_smolagents\sagan_smolagents\projects\project_20250216_150624_730894\state.json
2025-02-16 20:39:07,930 - DEBUG - Loaded project: test3 (project_20250216_150624_730894)
2025-02-16 20:39:07,930 - DEBUG - Checking state file: C:\UniLu\Spaider\sagan\sagan_smolagents\sagan_smolagents\projects\project_20250216_183357_455843\state.json
2025-02-16 20:39:07,935 - DEBUG - Loaded project: test4 (project_20250216_183357_455843)
2025-02-16 20:39:07,935 - DEBUG - Found 4 projects
2025-02-16 20:39:07,935 - DEBUG - Showing project menu
2025-02-16 20:39:12,515 - DEBUG - Opening file selection dialog: Select input files
2025-02-16 20:39:20,667 - DEBUG - Selected files: [WindowsPath('C:/UniLu/Spaider/Data for Training/knowledge_base/T16156.pdf')]
2025-02-16 20:39:20,676 - INFO - Updating vector database for project: project_20250214_174849_099232
2025-02-16 20:39:20,677 - ERROR - Project data or vectordb directory not found
2025-02-16 20:39:35,849 - ERROR - Failed to run workflow workflow1: Command '['C:\\Users\\sumit\\AppData\\Local\\pypoetry\\Cache\\virtualenvs\\sagan-smolagents-IrcAoJsT-py3.12\\Scripts\\python.exe', 'C:\\UniLu\\Spaider\\sagan\\sagan_smolagents\\sagan_smolagents\\sagan_workflow\\spaider_agent_temp\\app.py', '--project-id', 'project_20250214_174849_099232']' returned non-zero exit status 1.
2025-02-16 20:39:38,155 - DEBUG - Opening file selection dialog: Select input files
2025-02-16 20:39:42,690 - DEBUG - Selected files: [WindowsPath('C:/UniLu/Spaider/Data for Training/knowledge_base/satsearch_adcs_webinar_slide_deck_tensor_tech_1ntw28.pdf')]
2025-02-16 20:39:42,697 - INFO - Updating vector database for project: project_20250214_174849_099232
2025-02-16 20:39:42,698 - ERROR - Project data or vectordb directory not found
2025-02-16 20:42:15,182 - INFO - Exiting SAGAN Project Manager
2025-02-16 20:42:29,372 - INFO - Starting SAGAN Project Manager
2025-02-16 20:42:29,372 - DEBUG - Project initialized with config: <module 'config' from 'C:\\UniLu\\Spaider\\sagan\\sagan_smolagents\\sagan_smolagents\\config.py'>
2025-02-16 20:42:31,590 - DEBUG - Searching for projects in: C:\UniLu\Spaider\sagan\sagan_smolagents\sagan_smolagents\projects
2025-02-16 20:42:31,590 - DEBUG - Checking state file: C:\UniLu\Spaider\sagan\sagan_smolagents\sagan_smolagents\projects\project_20250214_174849_099232\state.json
2025-02-16 20:42:31,590 - DEBUG - Loaded project: potato (project_20250214_174849_099232)
2025-02-16 20:42:31,590 - DEBUG - Checking state file: C:\UniLu\Spaider\sagan\sagan_smolagents\sagan_smolagents\projects\project_20250214_175659_499514\state.json
2025-02-16 20:42:31,590 - DEBUG - Loaded project: asda (project_20250214_175659_499514)
2025-02-16 20:42:31,590 - DEBUG - Checking state file: C:\UniLu\Spaider\sagan\sagan_smolagents\sagan_smolagents\projects\project_20250216_150624_730894\state.json
2025-02-16 20:42:31,590 - DEBUG - Loaded project: test3 (project_20250216_150624_730894)
2025-02-16 20:42:31,590 - DEBUG - Checking state file: C:\UniLu\Spaider\sagan\sagan_smolagents\sagan_smolagents\projects\project_20250216_183357_455843\state.json
2025-02-16 20:42:31,608 - DEBUG - Loaded project: test4 (project_20250216_183357_455843)
2025-02-16 20:42:31,608 - DEBUG - Found 4 projects
2025-02-16 20:42:31,609 - DEBUG - Showing project menu
2025-02-16 20:42:37,590 - DEBUG - Opening file selection dialog: Select input files
2025-02-16 20:42:43,537 - DEBUG - Selected files: [WindowsPath('C:/UniLu/Spaider/Data for Training/knowledge_base/space-directory-2023-web.pdf')]
2025-02-16 20:42:43,547 - INFO - Updating vector database for project: project_20250214_174849_099232
2025-02-16 20:42:43,555 - DEBUG - Copied file: C:\UniLu\Spaider\Data for Training\knowledge_base\space-directory-2023-web.pdf to C:\UniLu\Spaider\sagan\sagan_smolagents\sagan_smolagents\projects\project_20250214_174849_099232\data\space-directory-2023-web.pdf
2025-02-16 20:43:45,516 - INFO - Exiting SAGAN Project Manager
2025-02-16 23:20:39,446 - INFO - Starting SAGAN Project Manager
2025-02-16 23:20:39,447 - DEBUG - Project initialized with config: <module 'config' from 'C:\\UniLu\\Spaider\\sagan\\sagan_smolagents\\sagan_smolagents\\config.py'>
2025-02-16 23:20:41,424 - DEBUG - Searching for projects in: C:\UniLu\Spaider\sagan\sagan_smolagents\sagan_smolagents\projects
2025-02-16 23:20:41,425 - DEBUG - Checking state file: C:\UniLu\Spaider\sagan\sagan_smolagents\sagan_smolagents\projects\project_20250214_174849_099232\state.json
2025-02-16 23:20:41,426 - DEBUG - Loaded project: potato (project_20250214_174849_099232)
2025-02-16 23:20:41,426 - DEBUG - Checking state file: C:\UniLu\Spaider\sagan\sagan_smolagents\sagan_smolagents\projects\project_20250214_175659_499514\state.json
2025-02-16 23:20:41,427 - DEBUG - Loaded project: asda (project_20250214_175659_499514)
2025-02-16 23:20:41,427 - DEBUG - Checking state file: C:\UniLu\Spaider\sagan\sagan_smolagents\sagan_smolagents\projects\project_20250216_150624_730894\state.json
2025-02-16 23:20:41,428 - DEBUG - Loaded project: test3 (project_20250216_150624_730894)
2025-02-16 23:20:41,428 - DEBUG - Checking state file: C:\UniLu\Spaider\sagan\sagan_smolagents\sagan_smolagents\projects\project_20250216_183357_455843\state.json
2025-02-16 23:20:41,428 - DEBUG - Loaded project: test4 (project_20250216_183357_455843)
2025-02-16 23:20:41,428 - DEBUG - Found 4 projects
2025-02-16 23:20:41,429 - DEBUG - Showing project menu
2025-02-16 23:20:48,302 - ERROR - Failed to run workflow workflow1: Command '['C:\\Users\\sumit\\AppData\\Local\\pypoetry\\Cache\\virtualenvs\\sagan-smolagents-IrcAoJsT-py3.12\\Scripts\\python.exe', 'C:\\UniLu\\Spaider\\sagan\\sagan_smolagents\\sagan_smolagents\\sagan_workflow\\spaider_agent_temp\\app.py', '--project-id', 'project_20250216_183357_455843']' returned non-zero exit status 1.
2025-02-16 23:26:05,475 - INFO - Exiting SAGAN Project Manager
2025-02-16 23:26:26,109 - INFO - Starting SAGAN Project Manager
2025-02-16 23:26:26,110 - DEBUG - Project initialized with config: <module 'config' from 'C:\\UniLu\\Spaider\\sagan\\sagan_smolagents\\sagan_smolagents\\config.py'>
2025-02-16 23:26:27,071 - DEBUG - Searching for projects in: C:\UniLu\Spaider\sagan\sagan_smolagents\sagan_smolagents\projects
2025-02-16 23:26:27,073 - DEBUG - Checking state file: C:\UniLu\Spaider\sagan\sagan_smolagents\sagan_smolagents\projects\project_20250214_174849_099232\state.json
2025-02-16 23:26:27,073 - DEBUG - Loaded project: potato (project_20250214_174849_099232)
2025-02-16 23:26:27,073 - DEBUG - Checking state file: C:\UniLu\Spaider\sagan\sagan_smolagents\sagan_smolagents\projects\project_20250214_175659_499514\state.json
2025-02-16 23:26:27,074 - DEBUG - Loaded project: asda (project_20250214_175659_499514)
2025-02-16 23:26:27,074 - DEBUG - Checking state file: C:\UniLu\Spaider\sagan\sagan_smolagents\sagan_smolagents\projects\project_20250216_150624_730894\state.json
2025-02-16 23:26:27,074 - DEBUG - Loaded project: test3 (project_20250216_150624_730894)
2025-02-16 23:26:27,075 - DEBUG - Checking state file: C:\UniLu\Spaider\sagan\sagan_smolagents\sagan_smolagents\projects\project_20250216_183357_455843\state.json
2025-02-16 23:26:27,075 - DEBUG - Loaded project: test4 (project_20250216_183357_455843)
2025-02-16 23:26:27,075 - DEBUG - Found 4 projects
2025-02-16 23:26:27,075 - DEBUG - Showing project menu
2025-02-16 23:26:35,490 - ERROR - Failed to run workflow workflow1: [Errno 2] No such file or directory: 'C:\\UniLu\\Spaider\\sagan\\sagan_smolagents\\config.py'
2025-02-16 23:30:29,815 - INFO - Exiting SAGAN Project Manager
2025-02-16 23:30:35,493 - INFO - Starting SAGAN Project Manager
2025-02-16 23:30:35,493 - DEBUG - Project initialized with config: <module 'config' from 'C:\\UniLu\\Spaider\\sagan\\sagan_smolagents\\sagan_smolagents\\config.py'>
2025-02-16 23:30:38,759 - DEBUG - Searching for projects in: C:\UniLu\Spaider\sagan\sagan_smolagents\sagan_smolagents\projects
2025-02-16 23:30:38,759 - DEBUG - Checking state file: C:\UniLu\Spaider\sagan\sagan_smolagents\sagan_smolagents\projects\project_20250214_174849_099232\state.json
2025-02-16 23:30:38,760 - DEBUG - Loaded project: potato (project_20250214_174849_099232)
2025-02-16 23:30:38,760 - DEBUG - Checking state file: C:\UniLu\Spaider\sagan\sagan_smolagents\sagan_smolagents\projects\project_20250214_175659_499514\state.json
2025-02-16 23:30:38,760 - DEBUG - Loaded project: asda (project_20250214_175659_499514)
2025-02-16 23:30:38,761 - DEBUG - Checking state file: C:\UniLu\Spaider\sagan\sagan_smolagents\sagan_smolagents\projects\project_20250216_150624_730894\state.json
2025-02-16 23:30:38,761 - DEBUG - Loaded project: test3 (project_20250216_150624_730894)
2025-02-16 23:30:38,761 - DEBUG - Checking state file: C:\UniLu\Spaider\sagan\sagan_smolagents\sagan_smolagents\projects\project_20250216_183357_455843\state.json
2025-02-16 23:30:38,762 - DEBUG - Loaded project: test4 (project_20250216_183357_455843)
2025-02-16 23:30:38,762 - DEBUG - Found 4 projects
2025-02-16 23:30:38,762 - DEBUG - Showing project menu
2025-02-16 23:30:42,524 - ERROR - Failed to run workflow workflow1: No module named 'nodes_and_conditional_edges'
2025-02-16 23:39:38,357 - INFO - Exiting SAGAN Project Manager
2025-02-16 23:39:43,365 - INFO - Starting SAGAN Project Manager
2025-02-16 23:39:43,365 - DEBUG - Project initialized with config: <module 'config' from 'C:\\UniLu\\Spaider\\sagan\\sagan_smolagents\\sagan_smolagents\\config.py'>
2025-02-16 23:39:44,997 - DEBUG - Searching for projects in: C:\UniLu\Spaider\sagan\sagan_smolagents\sagan_smolagents\projects
2025-02-16 23:39:44,999 - DEBUG - Checking state file: C:\UniLu\Spaider\sagan\sagan_smolagents\sagan_smolagents\projects\project_20250214_174849_099232\state.json
2025-02-16 23:39:44,999 - DEBUG - Loaded project: potato (project_20250214_174849_099232)
2025-02-16 23:39:44,999 - DEBUG - Checking state file: C:\UniLu\Spaider\sagan\sagan_smolagents\sagan_smolagents\projects\project_20250214_175659_499514\state.json
2025-02-16 23:39:45,000 - DEBUG - Loaded project: asda (project_20250214_175659_499514)
2025-02-16 23:39:45,000 - DEBUG - Checking state file: C:\UniLu\Spaider\sagan\sagan_smolagents\sagan_smolagents\projects\project_20250216_150624_730894\state.json
2025-02-16 23:39:45,000 - DEBUG - Loaded project: test3 (project_20250216_150624_730894)
2025-02-16 23:39:45,001 - DEBUG - Checking state file: C:\UniLu\Spaider\sagan\sagan_smolagents\sagan_smolagents\projects\project_20250216_183357_455843\state.json
2025-02-16 23:39:45,001 - DEBUG - Loaded project: test4 (project_20250216_183357_455843)
2025-02-16 23:39:45,001 - DEBUG - Found 4 projects
2025-02-16 23:39:45,001 - DEBUG - Showing project menu
2025-02-16 23:39:49,387 - ERROR - Failed to run workflow workflow1: 'NoneType' object has no attribute 'loader'
2025-02-16 23:43:08,380 - INFO - Exiting SAGAN Project Manager
2025-02-16 23:44:14,224 - INFO - Starting SAGAN Project Manager
2025-02-16 23:44:14,225 - DEBUG - Project initialized with config: <module 'config' from 'C:\\UniLu\\Spaider\\sagan\\sagan_smolagents\\sagan_smolagents\\config.py'>
2025-02-16 23:44:18,193 - DEBUG - Searching for projects in: C:\UniLu\Spaider\sagan\sagan_smolagents\sagan_smolagents\projects
2025-02-16 23:44:18,194 - DEBUG - Checking state file: C:\UniLu\Spaider\sagan\sagan_smolagents\sagan_smolagents\projects\project_20250214_174849_099232\state.json
2025-02-16 23:44:18,194 - DEBUG - Loaded project: potato (project_20250214_174849_099232)
2025-02-16 23:44:18,194 - DEBUG - Checking state file: C:\UniLu\Spaider\sagan\sagan_smolagents\sagan_smolagents\projects\project_20250214_175659_499514\state.json
2025-02-16 23:44:18,195 - DEBUG - Loaded project: asda (project_20250214_175659_499514)
2025-02-16 23:44:18,195 - DEBUG - Checking state file: C:\UniLu\Spaider\sagan\sagan_smolagents\sagan_smolagents\projects\project_20250216_150624_730894\state.json
2025-02-16 23:44:18,195 - DEBUG - Loaded project: test3 (project_20250216_150624_730894)
2025-02-16 23:44:18,195 - DEBUG - Checking state file: C:\UniLu\Spaider\sagan\sagan_smolagents\sagan_smolagents\projects\project_20250216_183357_455843\state.json
2025-02-16 23:44:18,196 - DEBUG - Loaded project: test4 (project_20250216_183357_455843)
2025-02-16 23:44:18,196 - DEBUG - Found 4 projects
2025-02-16 23:44:18,196 - DEBUG - Showing project menu
2025-02-16 23:44:23,111 - ERROR - Failed to run workflow workflow1: 'NoneType' object has no attribute 'loader'
2025-02-17 00:18:59,964 - INFO - Exiting SAGAN Project Manager
2025-02-17 00:33:41,726 - INFO - Starting SAGAN Project Manager
2025-02-17 00:33:41,726 - DEBUG - Project initialized with config: <module 'config' from 'C:\\UniLu\\Spaider\\sagan\\sagan_smolagents\\sagan_smolagents\\config.py'>
2025-02-17 00:33:43,108 - DEBUG - Searching for projects in: C:\UniLu\Spaider\sagan\sagan_smolagents\sagan_smolagents\projects
2025-02-17 00:33:43,109 - DEBUG - Checking state file: C:\UniLu\Spaider\sagan\sagan_smolagents\sagan_smolagents\projects\project_20250214_174849_099232\state.json
2025-02-17 00:33:43,109 - DEBUG - Loaded project: potato (project_20250214_174849_099232)
2025-02-17 00:33:43,109 - DEBUG - Checking state file: C:\UniLu\Spaider\sagan\sagan_smolagents\sagan_smolagents\projects\project_20250214_175659_499514\state.json
2025-02-17 00:33:43,110 - DEBUG - Loaded project: asda (project_20250214_175659_499514)
2025-02-17 00:33:43,110 - DEBUG - Checking state file: C:\UniLu\Spaider\sagan\sagan_smolagents\sagan_smolagents\projects\project_20250216_150624_730894\state.json
2025-02-17 00:33:43,110 - DEBUG - Loaded project: test3 (project_20250216_150624_730894)
2025-02-17 00:33:43,111 - DEBUG - Checking state file: C:\UniLu\Spaider\sagan\sagan_smolagents\sagan_smolagents\projects\project_20250216_183357_455843\state.json
2025-02-17 00:33:43,111 - DEBUG - Loaded project: test4 (project_20250216_183357_455843)
2025-02-17 00:33:43,111 - DEBUG - Found 4 projects
2025-02-17 00:33:43,111 - DEBUG - Showing project menu
2025-02-17 00:33:56,691 - ERROR - Failed to run workflow workflow1: name 'importlib' is not defined
2025-02-17 00:40:00,259 - INFO - Exiting SAGAN Project Manager
2025-02-17 00:40:06,080 - INFO - Starting SAGAN Project Manager
2025-02-17 00:40:06,080 - DEBUG - Project initialized with config: <module 'config' from 'C:\\UniLu\\Spaider\\sagan\\sagan_smolagents\\sagan_smolagents\\config.py'>
2025-02-17 00:40:08,776 - DEBUG - Searching for projects in: C:\UniLu\Spaider\sagan\sagan_smolagents\sagan_smolagents\projects
2025-02-17 00:40:08,777 - DEBUG - Checking state file: C:\UniLu\Spaider\sagan\sagan_smolagents\sagan_smolagents\projects\project_20250214_174849_099232\state.json
2025-02-17 00:40:08,777 - DEBUG - Loaded project: potato (project_20250214_174849_099232)
2025-02-17 00:40:08,777 - DEBUG - Checking state file: C:\UniLu\Spaider\sagan\sagan_smolagents\sagan_smolagents\projects\project_20250214_175659_499514\state.json
2025-02-17 00:40:08,778 - DEBUG - Loaded project: asda (project_20250214_175659_499514)
2025-02-17 00:40:08,778 - DEBUG - Checking state file: C:\UniLu\Spaider\sagan\sagan_smolagents\sagan_smolagents\projects\project_20250216_150624_730894\state.json
2025-02-17 00:40:08,779 - DEBUG - Loaded project: test3 (project_20250216_150624_730894)
2025-02-17 00:40:08,779 - DEBUG - Checking state file: C:\UniLu\Spaider\sagan\sagan_smolagents\sagan_smolagents\projects\project_20250216_183357_455843\state.json
2025-02-17 00:40:08,779 - DEBUG - Loaded project: test4 (project_20250216_183357_455843)
2025-02-17 00:40:08,779 - DEBUG - Found 4 projects
2025-02-17 00:40:08,779 - DEBUG - Showing project menu
2025-02-17 00:40:23,630 - ERROR - Failed to run workflow workflow1: No module named 'node_utils'
2025-02-17 00:44:31,983 - INFO - Exiting SAGAN Project Manager
2025-02-17 00:51:20,279 - INFO - Starting SAGAN Project Manager
2025-02-17 00:51:20,280 - DEBUG - Project initialized with config: <module 'config' from 'C:\\UniLu\\Spaider\\sagan\\sagan_smolagents\\sagan_smolagents\\config.py'>
2025-02-17 00:51:34,665 - DEBUG - Searching for projects in: C:\UniLu\Spaider\sagan\sagan_smolagents\sagan_smolagents\projects
2025-02-17 00:51:34,666 - DEBUG - Checking state file: C:\UniLu\Spaider\sagan\sagan_smolagents\sagan_smolagents\projects\project_20250214_174849_099232\state.json
2025-02-17 00:51:34,667 - DEBUG - Loaded project: potato (project_20250214_174849_099232)
2025-02-17 00:51:34,667 - DEBUG - Checking state file: C:\UniLu\Spaider\sagan\sagan_smolagents\sagan_smolagents\projects\project_20250214_175659_499514\state.json
2025-02-17 00:51:34,668 - DEBUG - Loaded project: asda (project_20250214_175659_499514)
2025-02-17 00:51:34,668 - DEBUG - Checking state file: C:\UniLu\Spaider\sagan\sagan_smolagents\sagan_smolagents\projects\project_20250216_150624_730894\state.json
2025-02-17 00:51:34,669 - DEBUG - Loaded project: test3 (project_20250216_150624_730894)
2025-02-17 00:51:34,669 - DEBUG - Checking state file: C:\UniLu\Spaider\sagan\sagan_smolagents\sagan_smolagents\projects\project_20250216_183357_455843\state.json
2025-02-17 00:51:34,669 - DEBUG - Loaded project: test4 (project_20250216_183357_455843)
2025-02-17 00:51:34,669 - DEBUG - Found 4 projects
2025-02-17 00:51:34,669 - DEBUG - Showing project menu
2025-02-17 00:51:44,481 - ERROR - Failed to run workflow workflow1: module 'config' has no attribute 'NODEWISE_OUTPUT_PATH'
2025-02-17 00:54:31,065 - INFO - Exiting SAGAN Project Manager
2025-02-17 00:54:36,858 - INFO - Starting SAGAN Project Manager
2025-02-17 00:54:36,859 - DEBUG - Project initialized with config: <module 'config' from 'C:\\UniLu\\Spaider\\sagan\\sagan_smolagents\\sagan_smolagents\\config.py'>
2025-02-17 00:54:38,141 - DEBUG - Searching for projects in: C:\UniLu\Spaider\sagan\sagan_smolagents\sagan_smolagents\projects
2025-02-17 00:54:38,142 - DEBUG - Checking state file: C:\UniLu\Spaider\sagan\sagan_smolagents\sagan_smolagents\projects\project_20250214_174849_099232\state.json
2025-02-17 00:54:38,143 - DEBUG - Loaded project: potato (project_20250214_174849_099232)
2025-02-17 00:54:38,143 - DEBUG - Checking state file: C:\UniLu\Spaider\sagan\sagan_smolagents\sagan_smolagents\projects\project_20250214_175659_499514\state.json
2025-02-17 00:54:38,143 - DEBUG - Loaded project: asda (project_20250214_175659_499514)
2025-02-17 00:54:38,144 - DEBUG - Checking state file: C:\UniLu\Spaider\sagan\sagan_smolagents\sagan_smolagents\projects\project_20250216_150624_730894\state.json
2025-02-17 00:54:38,144 - DEBUG - Loaded project: test3 (project_20250216_150624_730894)
2025-02-17 00:54:38,144 - DEBUG - Checking state file: C:\UniLu\Spaider\sagan\sagan_smolagents\sagan_smolagents\projects\project_20250216_183357_455843\state.json
2025-02-17 00:54:38,144 - DEBUG - Loaded project: test4 (project_20250216_183357_455843)
2025-02-17 00:54:38,145 - DEBUG - Found 4 projects
2025-02-17 00:54:38,145 - DEBUG - Showing project menu
2025-02-17 00:54:44,158 - ERROR - Failed to run workflow workflow1: module 'node_utils' has no attribute 'validate_state'
2025-02-17 01:28:20,363 - INFO - Exiting SAGAN Project Manager
2025-02-17 01:28:49,271 - INFO - Starting SAGAN Project Manager
2025-02-17 01:28:49,272 - DEBUG - Project initialized with config: <module 'config' from 'C:\\UniLu\\Spaider\\sagan\\sagan_smolagents\\sagan_smolagents\\config.py'>
2025-02-17 01:28:50,191 - DEBUG - Searching for projects in: C:\UniLu\Spaider\sagan\sagan_smolagents\sagan_smolagents\projects
2025-02-17 01:28:50,193 - DEBUG - Checking state file: C:\UniLu\Spaider\sagan\sagan_smolagents\sagan_smolagents\projects\project_20250214_174849_099232\state.json
2025-02-17 01:28:50,193 - DEBUG - Loaded project: potato (project_20250214_174849_099232)
2025-02-17 01:28:50,194 - DEBUG - Checking state file: C:\UniLu\Spaider\sagan\sagan_smolagents\sagan_smolagents\projects\project_20250214_175659_499514\state.json
2025-02-17 01:28:50,194 - DEBUG - Loaded project: asda (project_20250214_175659_499514)
2025-02-17 01:28:50,194 - DEBUG - Checking state file: C:\UniLu\Spaider\sagan\sagan_smolagents\sagan_smolagents\projects\project_20250216_150624_730894\state.json
2025-02-17 01:28:50,195 - DEBUG - Loaded project: test3 (project_20250216_150624_730894)
2025-02-17 01:28:50,195 - DEBUG - Checking state file: C:\UniLu\Spaider\sagan\sagan_smolagents\sagan_smolagents\projects\project_20250216_183357_455843\state.json
2025-02-17 01:28:50,195 - DEBUG - Loaded project: test4 (project_20250216_183357_455843)
2025-02-17 01:28:50,196 - DEBUG - Found 4 projects
2025-02-17 01:28:50,196 - DEBUG - Showing project menu
2025-02-17 01:28:59,965 - ERROR - Failed to run workflow workflow1: invalid syntax (nodes.py, line 703)
2025-02-17 01:33:36,256 - INFO - Exiting SAGAN Project Manager
2025-02-17 01:33:41,243 - INFO - Starting SAGAN Project Manager
2025-02-17 01:33:41,243 - DEBUG - Project initialized with config: <module 'config' from 'C:\\UniLu\\Spaider\\sagan\\sagan_smolagents\\sagan_smolagents\\config.py'>
2025-02-17 01:33:42,251 - DEBUG - Searching for projects in: C:\UniLu\Spaider\sagan\sagan_smolagents\sagan_smolagents\projects
2025-02-17 01:33:42,252 - DEBUG - Checking state file: C:\UniLu\Spaider\sagan\sagan_smolagents\sagan_smolagents\projects\project_20250214_174849_099232\state.json
2025-02-17 01:33:42,252 - DEBUG - Loaded project: potato (project_20250214_174849_099232)
2025-02-17 01:33:42,252 - DEBUG - Checking state file: C:\UniLu\Spaider\sagan\sagan_smolagents\sagan_smolagents\projects\project_20250214_175659_499514\state.json
2025-02-17 01:33:42,253 - DEBUG - Loaded project: asda (project_20250214_175659_499514)
2025-02-17 01:33:42,253 - DEBUG - Checking state file: C:\UniLu\Spaider\sagan\sagan_smolagents\sagan_smolagents\projects\project_20250216_150624_730894\state.json
2025-02-17 01:33:42,253 - DEBUG - Loaded project: test3 (project_20250216_150624_730894)
2025-02-17 01:33:42,254 - DEBUG - Checking state file: C:\UniLu\Spaider\sagan\sagan_smolagents\sagan_smolagents\projects\project_20250216_183357_455843\state.json
2025-02-17 01:33:42,254 - DEBUG - Loaded project: test4 (project_20250216_183357_455843)
2025-02-17 01:33:42,254 - DEBUG - Found 4 projects
2025-02-17 01:33:42,254 - DEBUG - Showing project menu
2025-02-17 01:33:53,904 - ERROR - Failed to run workflow workflow1: No module named 'schemas'
2025-02-17 01:38:35,406 - INFO - Exiting SAGAN Project Manager
2025-02-17 01:38:41,061 - INFO - Starting SAGAN Project Manager
2025-02-17 01:38:41,062 - DEBUG - Project initialized with config: <module 'config' from 'C:\\UniLu\\Spaider\\sagan\\sagan_smolagents\\sagan_smolagents\\config.py'>
2025-02-17 01:38:43,106 - DEBUG - Searching for projects in: C:\UniLu\Spaider\sagan\sagan_smolagents\sagan_smolagents\projects
2025-02-17 01:38:43,107 - DEBUG - Checking state file: C:\UniLu\Spaider\sagan\sagan_smolagents\sagan_smolagents\projects\project_20250214_174849_099232\state.json
2025-02-17 01:38:43,108 - DEBUG - Loaded project: potato (project_20250214_174849_099232)
2025-02-17 01:38:43,108 - DEBUG - Checking state file: C:\UniLu\Spaider\sagan\sagan_smolagents\sagan_smolagents\projects\project_20250214_175659_499514\state.json
2025-02-17 01:38:43,108 - DEBUG - Loaded project: asda (project_20250214_175659_499514)
2025-02-17 01:38:43,109 - DEBUG - Checking state file: C:\UniLu\Spaider\sagan\sagan_smolagents\sagan_smolagents\projects\project_20250216_150624_730894\state.json
2025-02-17 01:38:43,109 - DEBUG - Loaded project: test3 (project_20250216_150624_730894)
2025-02-17 01:38:43,110 - DEBUG - Checking state file: C:\UniLu\Spaider\sagan\sagan_smolagents\sagan_smolagents\projects\project_20250216_183357_455843\state.json
2025-02-17 01:38:43,110 - DEBUG - Loaded project: test4 (project_20250216_183357_455843)
2025-02-17 01:38:43,110 - DEBUG - Found 4 projects
2025-02-17 01:38:43,110 - DEBUG - Showing project menu
2025-02-17 01:46:24,516 - ERROR - Failed to run workflow workflow1: module 'config' has no attribute 'RETRIEVED_IMAGES_PATH'
2025-02-17 02:23:31,180 - INFO - Exiting SAGAN Project Manager
2025-02-17 02:30:16,159 - INFO - Starting SAGAN Project Manager
2025-02-17 02:30:16,160 - DEBUG - Project initialized with config: <module 'config' from 'C:\\UniLu\\Spaider\\sagan\\sagan_smolagents\\sagan_smolagents\\config.py'>
2025-02-17 02:30:17,301 - DEBUG - Searching for projects in: C:\UniLu\Spaider\sagan\sagan_smolagents\sagan_smolagents\projects
2025-02-17 02:30:17,302 - DEBUG - Checking state file: C:\UniLu\Spaider\sagan\sagan_smolagents\sagan_smolagents\projects\project_20250214_174849_099232\state.json
2025-02-17 02:30:17,303 - DEBUG - Loaded project: potato (project_20250214_174849_099232)
2025-02-17 02:30:17,303 - DEBUG - Checking state file: C:\UniLu\Spaider\sagan\sagan_smolagents\sagan_smolagents\projects\project_20250214_175659_499514\state.json
2025-02-17 02:30:17,303 - DEBUG - Loaded project: asda (project_20250214_175659_499514)
2025-02-17 02:30:17,304 - DEBUG - Checking state file: C:\UniLu\Spaider\sagan\sagan_smolagents\sagan_smolagents\projects\project_20250216_150624_730894\state.json
2025-02-17 02:30:17,304 - DEBUG - Loaded project: test3 (project_20250216_150624_730894)
2025-02-17 02:30:17,304 - DEBUG - Checking state file: C:\UniLu\Spaider\sagan\sagan_smolagents\sagan_smolagents\projects\project_20250216_183357_455843\state.json
2025-02-17 02:30:17,304 - DEBUG - Loaded project: test4 (project_20250216_183357_455843)
2025-02-17 02:30:17,305 - DEBUG - Found 4 projects
2025-02-17 02:30:17,305 - DEBUG - Showing project menu
2025-02-17 02:30:27,792 - ERROR - Failed to run workflow workflow1: expected 'except' or 'finally' block (nodes.py, line 288)
2025-02-17 02:32:46,750 - INFO - Exiting SAGAN Project Manager
2025-02-17 02:32:52,034 - INFO - Starting SAGAN Project Manager
2025-02-17 02:32:52,034 - DEBUG - Project initialized with config: <module 'config' from 'C:\\UniLu\\Spaider\\sagan\\sagan_smolagents\\sagan_smolagents\\config.py'>
2025-02-17 02:32:53,497 - DEBUG - Searching for projects in: C:\UniLu\Spaider\sagan\sagan_smolagents\sagan_smolagents\projects
2025-02-17 02:32:53,498 - DEBUG - Checking state file: C:\UniLu\Spaider\sagan\sagan_smolagents\sagan_smolagents\projects\project_20250214_174849_099232\state.json
2025-02-17 02:32:53,499 - DEBUG - Loaded project: potato (project_20250214_174849_099232)
2025-02-17 02:32:53,499 - DEBUG - Checking state file: C:\UniLu\Spaider\sagan\sagan_smolagents\sagan_smolagents\projects\project_20250214_175659_499514\state.json
2025-02-17 02:32:53,499 - DEBUG - Loaded project: asda (project_20250214_175659_499514)
2025-02-17 02:32:53,500 - DEBUG - Checking state file: C:\UniLu\Spaider\sagan\sagan_smolagents\sagan_smolagents\projects\project_20250216_150624_730894\state.json
2025-02-17 02:32:53,500 - DEBUG - Loaded project: test3 (project_20250216_150624_730894)
2025-02-17 02:32:53,500 - DEBUG - Checking state file: C:\UniLu\Spaider\sagan\sagan_smolagents\sagan_smolagents\projects\project_20250216_183357_455843\state.json
2025-02-17 02:32:53,501 - DEBUG - Loaded project: test4 (project_20250216_183357_455843)
2025-02-17 02:32:53,501 - DEBUG - Found 4 projects
2025-02-17 02:32:53,501 - DEBUG - Showing project menu
2025-02-17 02:33:09,893 - ERROR - Failed to run workflow workflow1: name 'importlib' is not defined
2025-02-17 02:35:15,718 - INFO - Exiting SAGAN Project Manager
2025-02-17 02:35:20,541 - INFO - Starting SAGAN Project Manager
2025-02-17 02:35:20,542 - DEBUG - Project initialized with config: <module 'config' from 'C:\\UniLu\\Spaider\\sagan\\sagan_smolagents\\sagan_smolagents\\config.py'>
2025-02-17 02:35:21,757 - DEBUG - Searching for projects in: C:\UniLu\Spaider\sagan\sagan_smolagents\sagan_smolagents\projects
2025-02-17 02:35:21,758 - DEBUG - Checking state file: C:\UniLu\Spaider\sagan\sagan_smolagents\sagan_smolagents\projects\project_20250214_174849_099232\state.json
2025-02-17 02:35:21,759 - DEBUG - Loaded project: potato (project_20250214_174849_099232)
2025-02-17 02:35:21,759 - DEBUG - Checking state file: C:\UniLu\Spaider\sagan\sagan_smolagents\sagan_smolagents\projects\project_20250214_175659_499514\state.json
2025-02-17 02:35:21,759 - DEBUG - Loaded project: asda (project_20250214_175659_499514)
2025-02-17 02:35:21,760 - DEBUG - Checking state file: C:\UniLu\Spaider\sagan\sagan_smolagents\sagan_smolagents\projects\project_20250216_150624_730894\state.json
2025-02-17 02:35:21,760 - DEBUG - Loaded project: test3 (project_20250216_150624_730894)
2025-02-17 02:35:21,760 - DEBUG - Checking state file: C:\UniLu\Spaider\sagan\sagan_smolagents\sagan_smolagents\projects\project_20250216_183357_455843\state.json
2025-02-17 02:35:21,761 - DEBUG - Loaded project: test4 (project_20250216_183357_455843)
2025-02-17 02:35:21,761 - DEBUG - Found 4 projects
2025-02-17 02:35:21,761 - DEBUG - Showing project menu
2025-02-17 02:36:02,985 - ERROR - Failed to run workflow workflow1: 'abstract_text'
2025-02-17 02:49:39,119 - INFO - Starting SAGAN Project Manager
2025-02-17 02:49:39,119 - DEBUG - Project initialized with config: <module 'config' from 'C:\\UniLu\\Spaider\\sagan\\sagan_smolagents\\sagan_smolagents\\config.py'>
2025-02-17 02:49:41,687 - DEBUG - Searching for projects in: C:\UniLu\Spaider\sagan\sagan_smolagents\sagan_smolagents\projects
2025-02-17 02:49:41,688 - DEBUG - Checking state file: C:\UniLu\Spaider\sagan\sagan_smolagents\sagan_smolagents\projects\project_20250214_174849_099232\state.json
2025-02-17 02:49:41,688 - DEBUG - Loaded project: potato (project_20250214_174849_099232)
2025-02-17 02:49:41,689 - DEBUG - Checking state file: C:\UniLu\Spaider\sagan\sagan_smolagents\sagan_smolagents\projects\project_20250214_175659_499514\state.json
2025-02-17 02:49:41,689 - DEBUG - Loaded project: asda (project_20250214_175659_499514)
2025-02-17 02:49:41,689 - DEBUG - Checking state file: C:\UniLu\Spaider\sagan\sagan_smolagents\sagan_smolagents\projects\project_20250216_150624_730894\state.json
2025-02-17 02:49:41,690 - DEBUG - Loaded project: test3 (project_20250216_150624_730894)
2025-02-17 02:49:41,690 - DEBUG - Checking state file: C:\UniLu\Spaider\sagan\sagan_smolagents\sagan_smolagents\projects\project_20250216_183357_455843\state.json
2025-02-17 02:49:41,690 - DEBUG - Loaded project: test4 (project_20250216_183357_455843)
2025-02-17 02:49:41,690 - DEBUG - Found 4 projects
2025-02-17 02:49:41,691 - DEBUG - Showing project menu
2025-02-17 02:49:56,373 - ERROR - Failed to run workflow workflow1: 'data'
2025-02-17 02:51:45,054 - INFO - Exiting SAGAN Project Manager
2025-02-17 02:53:10,888 - INFO - Starting SAGAN Project Manager
2025-02-17 02:53:10,889 - DEBUG - Project initialized with config: <module 'config' from 'C:\\UniLu\\Spaider\\sagan\\sagan_smolagents\\sagan_smolagents\\config.py'>
2025-02-17 02:53:11,691 - DEBUG - Searching for projects in: C:\UniLu\Spaider\sagan\sagan_smolagents\sagan_smolagents\projects
2025-02-17 02:53:11,692 - DEBUG - Checking state file: C:\UniLu\Spaider\sagan\sagan_smolagents\sagan_smolagents\projects\project_20250214_174849_099232\state.json
2025-02-17 02:53:11,693 - DEBUG - Loaded project: potato (project_20250214_174849_099232)
2025-02-17 02:53:11,693 - DEBUG - Checking state file: C:\UniLu\Spaider\sagan\sagan_smolagents\sagan_smolagents\projects\project_20250214_175659_499514\state.json
2025-02-17 02:53:11,694 - DEBUG - Loaded project: asda (project_20250214_175659_499514)
2025-02-17 02:53:11,694 - DEBUG - Checking state file: C:\UniLu\Spaider\sagan\sagan_smolagents\sagan_smolagents\projects\project_20250216_150624_730894\state.json
2025-02-17 02:53:11,694 - DEBUG - Loaded project: test3 (project_20250216_150624_730894)
2025-02-17 02:53:11,694 - DEBUG - Checking state file: C:\UniLu\Spaider\sagan\sagan_smolagents\sagan_smolagents\projects\project_20250216_183357_455843\state.json
2025-02-17 02:53:11,695 - DEBUG - Loaded project: test4 (project_20250216_183357_455843)
2025-02-17 02:53:11,695 - DEBUG - Found 4 projects
2025-02-17 02:53:11,695 - DEBUG - Showing project menu
2025-02-17 02:53:16,329 - ERROR - Failed to run workflow workflow1: 'data'
2025-02-17 02:57:13,441 - INFO - Exiting SAGAN Project Manager
2025-02-17 02:57:18,198 - INFO - Starting SAGAN Project Manager
2025-02-17 02:57:18,198 - DEBUG - Project initialized with config: <module 'config' from 'C:\\UniLu\\Spaider\\sagan\\sagan_smolagents\\sagan_smolagents\\config.py'>
2025-02-17 02:57:19,069 - DEBUG - Searching for projects in: C:\UniLu\Spaider\sagan\sagan_smolagents\sagan_smolagents\projects
2025-02-17 02:57:19,070 - DEBUG - Checking state file: C:\UniLu\Spaider\sagan\sagan_smolagents\sagan_smolagents\projects\project_20250214_174849_099232\state.json
2025-02-17 02:57:19,070 - DEBUG - Loaded project: potato (project_20250214_174849_099232)
2025-02-17 02:57:19,070 - DEBUG - Checking state file: C:\UniLu\Spaider\sagan\sagan_smolagents\sagan_smolagents\projects\project_20250214_175659_499514\state.json
2025-02-17 02:57:19,070 - DEBUG - Loaded project: asda (project_20250214_175659_499514)
2025-02-17 02:57:19,071 - DEBUG - Checking state file: C:\UniLu\Spaider\sagan\sagan_smolagents\sagan_smolagents\projects\project_20250216_150624_730894\state.json
2025-02-17 02:57:19,071 - DEBUG - Loaded project: test3 (project_20250216_150624_730894)
2025-02-17 02:57:19,071 - DEBUG - Checking state file: C:\UniLu\Spaider\sagan\sagan_smolagents\sagan_smolagents\projects\project_20250216_183357_455843\state.json
2025-02-17 02:57:19,071 - DEBUG - Loaded project: test4 (project_20250216_183357_455843)
2025-02-17 02:57:19,072 - DEBUG - Found 4 projects
2025-02-17 02:57:19,072 - DEBUG - Showing project menu
2025-02-17 02:57:25,689 - ERROR - Failed to run workflow workflow1: 'data'
2025-02-17 03:02:00,498 - INFO - Exiting SAGAN Project Manager
2025-02-17 03:02:05,596 - INFO - Starting SAGAN Project Manager
2025-02-17 03:02:05,596 - DEBUG - Project initialized with config: <module 'config' from 'C:\\UniLu\\Spaider\\sagan\\sagan_smolagents\\sagan_smolagents\\config.py'>
2025-02-17 03:02:07,573 - DEBUG - Searching for projects in: C:\UniLu\Spaider\sagan\sagan_smolagents\sagan_smolagents\projects
2025-02-17 03:02:07,574 - DEBUG - Checking state file: C:\UniLu\Spaider\sagan\sagan_smolagents\sagan_smolagents\projects\project_20250214_174849_099232\state.json
2025-02-17 03:02:07,575 - DEBUG - Loaded project: potato (project_20250214_174849_099232)
2025-02-17 03:02:07,575 - DEBUG - Checking state file: C:\UniLu\Spaider\sagan\sagan_smolagents\sagan_smolagents\projects\project_20250214_175659_499514\state.json
2025-02-17 03:02:07,576 - DEBUG - Loaded project: asda (project_20250214_175659_499514)
2025-02-17 03:02:07,576 - DEBUG - Checking state file: C:\UniLu\Spaider\sagan\sagan_smolagents\sagan_smolagents\projects\project_20250216_150624_730894\state.json
2025-02-17 03:02:07,576 - DEBUG - Loaded project: test3 (project_20250216_150624_730894)
2025-02-17 03:02:07,577 - DEBUG - Checking state file: C:\UniLu\Spaider\sagan\sagan_smolagents\sagan_smolagents\projects\project_20250216_183357_455843\state.json
2025-02-17 03:02:07,577 - DEBUG - Loaded project: test4 (project_20250216_183357_455843)
2025-02-17 03:02:07,577 - DEBUG - Found 4 projects
2025-02-17 03:02:07,577 - DEBUG - Showing project menu
2025-02-17 03:02:10,827 - ERROR - Failed to run workflow workflow1: module 'config' has no attribute 'WORKFLOW1_PATH'
2025-02-17 03:02:22,992 - INFO - Exiting SAGAN Project Manager
2025-02-17 03:08:26,104 - INFO - Starting SAGAN Project Manager
2025-02-17 03:08:26,105 - DEBUG - Project initialized with config: <module 'config' from 'C:\\UniLu\\Spaider\\sagan\\sagan_smolagents\\sagan_smolagents\\config.py'>
2025-02-17 03:08:27,464 - DEBUG - Searching for projects in: C:\UniLu\Spaider\sagan\sagan_smolagents\sagan_smolagents\projects
2025-02-17 03:08:27,465 - DEBUG - Checking state file: C:\UniLu\Spaider\sagan\sagan_smolagents\sagan_smolagents\projects\project_20250214_174849_099232\state.json
2025-02-17 03:08:27,465 - DEBUG - Loaded project: potato (project_20250214_174849_099232)
2025-02-17 03:08:27,466 - DEBUG - Checking state file: C:\UniLu\Spaider\sagan\sagan_smolagents\sagan_smolagents\projects\project_20250214_175659_499514\state.json
2025-02-17 03:08:27,466 - DEBUG - Loaded project: asda (project_20250214_175659_499514)
2025-02-17 03:08:27,466 - DEBUG - Checking state file: C:\UniLu\Spaider\sagan\sagan_smolagents\sagan_smolagents\projects\project_20250216_150624_730894\state.json
2025-02-17 03:08:27,467 - DEBUG - Loaded project: test3 (project_20250216_150624_730894)
2025-02-17 03:08:27,467 - DEBUG - Checking state file: C:\UniLu\Spaider\sagan\sagan_smolagents\sagan_smolagents\projects\project_20250216_183357_455843\state.json
2025-02-17 03:08:27,467 - DEBUG - Loaded project: test4 (project_20250216_183357_455843)
2025-02-17 03:08:27,467 - DEBUG - Found 4 projects
2025-02-17 03:08:27,467 - DEBUG - Showing project menu
2025-02-17 03:08:29,670 - ERROR - Failed to run workflow workflow1: module 'config' has no attribute 'WORKFLOW1_PATH'
2025-02-17 03:24:37,692 - INFO - Exiting SAGAN Project Manager
2025-02-17 03:24:42,572 - INFO - Starting SAGAN Project Manager
2025-02-17 03:24:42,572 - DEBUG - Project initialized with config: <module 'config' from 'C:\\UniLu\\Spaider\\sagan\\sagan_smolagents\\sagan_smolagents\\config.py'>
2025-02-17 03:24:43,454 - DEBUG - Searching for projects in: C:\UniLu\Spaider\sagan\sagan_smolagents\sagan_smolagents\projects
2025-02-17 03:24:43,455 - DEBUG - Checking state file: C:\UniLu\Spaider\sagan\sagan_smolagents\sagan_smolagents\projects\project_20250214_174849_099232\state.json
2025-02-17 03:24:43,455 - DEBUG - Loaded project: potato (project_20250214_174849_099232)
2025-02-17 03:24:43,456 - DEBUG - Checking state file: C:\UniLu\Spaider\sagan\sagan_smolagents\sagan_smolagents\projects\project_20250214_175659_499514\state.json
2025-02-17 03:24:43,456 - DEBUG - Loaded project: asda (project_20250214_175659_499514)
2025-02-17 03:24:43,456 - DEBUG - Checking state file: C:\UniLu\Spaider\sagan\sagan_smolagents\sagan_smolagents\projects\project_20250216_150624_730894\state.json
2025-02-17 03:24:43,457 - DEBUG - Loaded project: test3 (project_20250216_150624_730894)
2025-02-17 03:24:43,457 - DEBUG - Checking state file: C:\UniLu\Spaider\sagan\sagan_smolagents\sagan_smolagents\projects\project_20250216_183357_455843\state.json
2025-02-17 03:24:43,457 - DEBUG - Loaded project: test4 (project_20250216_183357_455843)
2025-02-17 03:24:43,458 - DEBUG - Found 4 projects
2025-02-17 03:24:43,458 - DEBUG - Showing project menu
2025-02-17 03:24:45,635 - ERROR - Failed to run workflow workflow1: module 'config' has no attribute 'WORKFLOW1_PATH'
2025-02-17 03:28:56,800 - INFO - Exiting SAGAN Project Manager
2025-02-17 03:29:03,311 - INFO - Starting SAGAN Project Manager
2025-02-17 03:29:03,312 - DEBUG - Project initialized with config: <module 'config' from 'C:\\UniLu\\Spaider\\sagan\\sagan_smolagents\\sagan_smolagents\\config.py'>
2025-02-17 03:29:08,305 - DEBUG - Searching for projects in: C:\UniLu\Spaider\sagan\sagan_smolagents\sagan_smolagents\projects
2025-02-17 03:29:08,306 - DEBUG - Checking state file: C:\UniLu\Spaider\sagan\sagan_smolagents\sagan_smolagents\projects\project_20250214_174849_099232\state.json
2025-02-17 03:29:08,307 - DEBUG - Loaded project: potato (project_20250214_174849_099232)
2025-02-17 03:29:08,307 - DEBUG - Checking state file: C:\UniLu\Spaider\sagan\sagan_smolagents\sagan_smolagents\projects\project_20250214_175659_499514\state.json
2025-02-17 03:29:08,308 - DEBUG - Loaded project: asda (project_20250214_175659_499514)
2025-02-17 03:29:08,308 - DEBUG - Checking state file: C:\UniLu\Spaider\sagan\sagan_smolagents\sagan_smolagents\projects\project_20250216_150624_730894\state.json
2025-02-17 03:29:08,308 - DEBUG - Loaded project: test3 (project_20250216_150624_730894)
2025-02-17 03:29:08,308 - DEBUG - Checking state file: C:\UniLu\Spaider\sagan\sagan_smolagents\sagan_smolagents\projects\project_20250216_183357_455843\state.json
2025-02-17 03:29:08,309 - DEBUG - Loaded project: test4 (project_20250216_183357_455843)
2025-02-17 03:29:08,309 - DEBUG - Found 4 projects
2025-02-17 03:29:08,309 - DEBUG - Showing project menu
2025-02-17 03:29:20,723 - ERROR - Failed to run workflow workflow1: 'data'
2025-02-17 03:36:47,852 - INFO - Exiting SAGAN Project Manager
2025-02-17 03:36:52,552 - INFO - Starting SAGAN Project Manager
2025-02-17 03:36:52,552 - DEBUG - Project initialized with config: <module 'config' from 'C:\\UniLu\\Spaider\\sagan\\sagan_smolagents\\sagan_smolagents\\config.py'>
2025-02-17 03:36:53,447 - DEBUG - Searching for projects in: C:\UniLu\Spaider\sagan\sagan_smolagents\sagan_smolagents\projects
2025-02-17 03:36:53,448 - DEBUG - Checking state file: C:\UniLu\Spaider\sagan\sagan_smolagents\sagan_smolagents\projects\project_20250214_174849_099232\state.json
2025-02-17 03:36:53,449 - DEBUG - Loaded project: potato (project_20250214_174849_099232)
2025-02-17 03:36:53,449 - DEBUG - Checking state file: C:\UniLu\Spaider\sagan\sagan_smolagents\sagan_smolagents\projects\project_20250214_175659_499514\state.json
2025-02-17 03:36:53,449 - DEBUG - Loaded project: asda (project_20250214_175659_499514)
2025-02-17 03:36:53,449 - DEBUG - Checking state file: C:\UniLu\Spaider\sagan\sagan_smolagents\sagan_smolagents\projects\project_20250216_150624_730894\state.json
2025-02-17 03:36:53,450 - DEBUG - Loaded project: test3 (project_20250216_150624_730894)
2025-02-17 03:36:53,450 - DEBUG - Checking state file: C:\UniLu\Spaider\sagan\sagan_smolagents\sagan_smolagents\projects\project_20250216_183357_455843\state.json
2025-02-17 03:36:53,451 - DEBUG - Loaded project: test4 (project_20250216_183357_455843)
2025-02-17 03:36:53,451 - DEBUG - Found 4 projects
2025-02-17 03:36:53,451 - DEBUG - Showing project menu
2025-02-17 03:36:56,285 - ERROR - Failed to run workflow workflow1: [Errno 2] No such file or directory: 'C:\\UniLu\\Spaider\\sagan\\sagan_smolagents\\sagan_smolagents\\projects\\project_20250216_183357_455843\\workflow1_output\\state.json'
2025-02-17 03:56:25,772 - INFO - Exiting SAGAN Project Manager
2025-02-17 03:56:30,667 - INFO - Starting SAGAN Project Manager
2025-02-17 03:56:30,667 - DEBUG - Project initialized with config: <module 'config' from 'C:\\UniLu\\Spaider\\sagan\\sagan_smolagents\\sagan_smolagents\\config.py'>
2025-02-17 03:56:32,403 - DEBUG - Searching for projects in: C:\UniLu\Spaider\sagan\sagan_smolagents\sagan_smolagents\projects
2025-02-17 03:56:32,404 - DEBUG - Checking state file: C:\UniLu\Spaider\sagan\sagan_smolagents\sagan_smolagents\projects\project_20250214_174849_099232\state.json
2025-02-17 03:56:32,405 - DEBUG - Loaded project: potato (project_20250214_174849_099232)
2025-02-17 03:56:32,405 - DEBUG - Checking state file: C:\UniLu\Spaider\sagan\sagan_smolagents\sagan_smolagents\projects\project_20250214_175659_499514\state.json
2025-02-17 03:56:32,405 - DEBUG - Loaded project: asda (project_20250214_175659_499514)
2025-02-17 03:56:32,406 - DEBUG - Checking state file: C:\UniLu\Spaider\sagan\sagan_smolagents\sagan_smolagents\projects\project_20250216_150624_730894\state.json
2025-02-17 03:56:32,406 - DEBUG - Loaded project: test3 (project_20250216_150624_730894)
2025-02-17 03:56:32,407 - DEBUG - Checking state file: C:\UniLu\Spaider\sagan\sagan_smolagents\sagan_smolagents\projects\project_20250216_183357_455843\state.json
2025-02-17 03:56:32,407 - DEBUG - Loaded project: test4 (project_20250216_183357_455843)
2025-02-17 03:56:32,407 - DEBUG - Found 4 projects
2025-02-17 03:56:32,407 - DEBUG - Showing project menu
2025-02-17 03:56:39,812 - ERROR - Failed to run workflow workflow1: No module named 'schemas'
2025-02-17 04:00:46,673 - INFO - Exiting SAGAN Project Manager
2025-02-17 04:00:54,311 - INFO - Starting SAGAN Project Manager
2025-02-17 04:00:54,311 - DEBUG - Project initialized with config: <module 'config' from 'C:\\UniLu\\Spaider\\sagan\\sagan_smolagents\\sagan_smolagents\\config.py'>
2025-02-17 04:01:09,609 - DEBUG - Searching for projects in: C:\UniLu\Spaider\sagan\sagan_smolagents\sagan_smolagents\projects
2025-02-17 04:01:09,624 - DEBUG - Checking state file: C:\UniLu\Spaider\sagan\sagan_smolagents\sagan_smolagents\projects\project_20250214_174849_099232\state.json
2025-02-17 04:01:09,624 - DEBUG - Loaded project: potato (project_20250214_174849_099232)
2025-02-17 04:01:09,624 - DEBUG - Checking state file: C:\UniLu\Spaider\sagan\sagan_smolagents\sagan_smolagents\projects\project_20250214_175659_499514\state.json
2025-02-17 04:01:09,624 - DEBUG - Loaded project: asda (project_20250214_175659_499514)
2025-02-17 04:01:09,624 - DEBUG - Checking state file: C:\UniLu\Spaider\sagan\sagan_smolagents\sagan_smolagents\projects\project_20250216_150624_730894\state.json
2025-02-17 04:01:09,624 - DEBUG - Loaded project: test3 (project_20250216_150624_730894)
2025-02-17 04:01:09,630 - DEBUG - Checking state file: C:\UniLu\Spaider\sagan\sagan_smolagents\sagan_smolagents\projects\project_20250216_183357_455843\state.json
2025-02-17 04:01:09,630 - DEBUG - Loaded project: test4 (project_20250216_183357_455843)
2025-02-17 04:01:09,631 - DEBUG - Found 4 projects
2025-02-17 04:01:09,631 - DEBUG - Showing project menu
2025-02-17 04:01:17,897 - ERROR - Failed to run workflow workflow1: No module named 'schemas'
2025-02-17 04:02:06,310 - INFO - Exiting SAGAN Project Manager
2025-02-17 04:05:10,851 - INFO - Starting SAGAN Project Manager
2025-02-17 04:05:10,851 - DEBUG - Project initialized with config: <module 'config' from 'C:\\UniLu\\Spaider\\sagan\\sagan_smolagents\\sagan_smolagents\\config.py'>
2025-02-17 04:05:17,801 - DEBUG - Created directory: C:\UniLu\Spaider\sagan\sagan_smolagents\sagan_smolagents\projects\project_20250217_040517_801166
2025-02-17 04:05:17,801 - DEBUG - Created directory: C:\UniLu\Spaider\sagan\sagan_smolagents\sagan_smolagents\projects\project_20250217_040517_801166\data
2025-02-17 04:05:17,801 - DEBUG - Created directory: C:\UniLu\Spaider\sagan\sagan_smolagents\sagan_smolagents\projects\project_20250217_040517_801166\vectordb
2025-02-17 04:05:17,801 - DEBUG - Created directory: C:\UniLu\Spaider\sagan\sagan_smolagents\sagan_smolagents\projects\project_20250217_040517_801166\template
2025-02-17 04:05:17,823 - DEBUG - Created directory: C:\UniLu\Spaider\sagan\sagan_smolagents\sagan_smolagents\projects\project_20250217_040517_801166\workflow1_output
2025-02-17 04:05:17,823 - DEBUG - Created directory: C:\UniLu\Spaider\sagan\sagan_smolagents\sagan_smolagents\projects\project_20250217_040517_801166\workflow2_output
2025-02-17 04:05:17,825 - DEBUG - Created directory: C:\UniLu\Spaider\sagan\sagan_smolagents\sagan_smolagents\projects\project_20250217_040517_801166\workflow1_output\nodewise_output
2025-02-17 04:05:17,825 - DEBUG - Created directory: C:\UniLu\Spaider\sagan\sagan_smolagents\sagan_smolagents\projects\project_20250217_040517_801166\workflow1_output\retrieved_images
2025-02-17 04:05:17,828 - DEBUG - Opening file selection dialog: Select input files
2025-02-17 04:05:28,059 - DEBUG - Selected files: [WindowsPath('C:/UniLu/Spaider/Data for Training/knowledge_base/LuPoiNT-Final-Presentation_16-06-22.pdf'), WindowsPath('C:/UniLu/Spaider/Data for Training/knowledge_base/space-directory-2023-web.pdf')]
2025-02-17 04:05:28,099 - DEBUG - Copied file: C:\UniLu\Spaider\Data for Training\knowledge_base\LuPoiNT-Final-Presentation_16-06-22.pdf to C:\UniLu\Spaider\sagan\sagan_smolagents\sagan_smolagents\projects\project_20250217_040517_801166\data\LuPoiNT-Final-Presentation_16-06-22.pdf
2025-02-17 04:05:28,107 - DEBUG - Copied file: C:\UniLu\Spaider\Data for Training\knowledge_base\space-directory-2023-web.pdf to C:\UniLu\Spaider\sagan\sagan_smolagents\sagan_smolagents\projects\project_20250217_040517_801166\data\space-directory-2023-web.pdf
2025-02-17 04:06:39,662 - DEBUG - Copied template: C:\UniLu\Spaider\sagan\ketan_sagan\SAW_code_plus_db\fnr_template\Project Idea Template.docx to C:\UniLu\Spaider\sagan\sagan_smolagents\sagan_smolagents\projects\project_20250217_040517_801166\template\Project Idea Template.docx
2025-02-17 04:06:50,728 - DEBUG - Searching for projects in: C:\UniLu\Spaider\sagan\sagan_smolagents\sagan_smolagents\projects
2025-02-17 04:06:50,728 - DEBUG - Checking state file: C:\UniLu\Spaider\sagan\sagan_smolagents\sagan_smolagents\projects\project_20250214_174849_099232\state.json
2025-02-17 04:06:50,728 - DEBUG - Loaded project: potato (project_20250214_174849_099232)
2025-02-17 04:06:50,728 - DEBUG - Checking state file: C:\UniLu\Spaider\sagan\sagan_smolagents\sagan_smolagents\projects\project_20250214_175659_499514\state.json
2025-02-17 04:06:50,728 - DEBUG - Loaded project: asda (project_20250214_175659_499514)
2025-02-17 04:06:50,728 - DEBUG - Checking state file: C:\UniLu\Spaider\sagan\sagan_smolagents\sagan_smolagents\projects\project_20250216_150624_730894\state.json
2025-02-17 04:06:50,728 - DEBUG - Loaded project: test3 (project_20250216_150624_730894)
2025-02-17 04:06:50,728 - DEBUG - Checking state file: C:\UniLu\Spaider\sagan\sagan_smolagents\sagan_smolagents\projects\project_20250216_183357_455843\state.json
2025-02-17 04:06:50,728 - DEBUG - Loaded project: test4 (project_20250216_183357_455843)
2025-02-17 04:06:50,737 - DEBUG - Checking state file: C:\UniLu\Spaider\sagan\sagan_smolagents\sagan_smolagents\projects\project_20250217_040517_801166\state.json
2025-02-17 04:06:50,738 - DEBUG - Loaded project: tomato (project_20250217_040517_801166)
2025-02-17 04:06:50,738 - DEBUG - Found 5 projects
2025-02-17 04:06:50,739 - DEBUG - Showing project menu
2025-02-17 04:07:08,424 - INFO - Exiting SAGAN Project Manager
2025-02-17 04:22:17,420 - INFO - Starting SAGAN Project Manager
2025-02-17 04:22:17,420 - DEBUG - Project initialized with config: <module 'config' from 'C:\\UniLu\\Spaider\\sagan\\sagan_smolagents\\sagan_smolagents\\config.py'>
2025-02-17 04:22:18,781 - DEBUG - Searching for projects in: C:\UniLu\Spaider\sagan\sagan_smolagents\sagan_smolagents\projects
2025-02-17 04:22:18,781 - DEBUG - Checking state file: C:\UniLu\Spaider\sagan\sagan_smolagents\sagan_smolagents\projects\project_20250214_174849_099232\state.json
2025-02-17 04:22:18,781 - DEBUG - Loaded project: potato (project_20250214_174849_099232)
2025-02-17 04:22:18,781 - DEBUG - Checking state file: C:\UniLu\Spaider\sagan\sagan_smolagents\sagan_smolagents\projects\project_20250214_175659_499514\state.json
2025-02-17 04:22:18,781 - DEBUG - Loaded project: asda (project_20250214_175659_499514)
2025-02-17 04:22:18,781 - DEBUG - Checking state file: C:\UniLu\Spaider\sagan\sagan_smolagents\sagan_smolagents\projects\project_20250216_150624_730894\state.json
2025-02-17 04:22:18,781 - DEBUG - Loaded project: test3 (project_20250216_150624_730894)
2025-02-17 04:22:18,794 - DEBUG - Checking state file: C:\UniLu\Spaider\sagan\sagan_smolagents\sagan_smolagents\projects\project_20250216_183357_455843\state.json
2025-02-17 04:22:18,794 - DEBUG - Loaded project: test4 (project_20250216_183357_455843)
2025-02-17 04:22:18,796 - DEBUG - Checking state file: C:\UniLu\Spaider\sagan\sagan_smolagents\sagan_smolagents\projects\project_20250217_040517_801166\state.json
2025-02-17 04:22:18,796 - DEBUG - Loaded project: tomato (project_20250217_040517_801166)
2025-02-17 04:22:18,797 - DEBUG - Found 5 projects
2025-02-17 04:22:18,797 - DEBUG - Showing project menu
2025-02-17 04:22:22,742 - DEBUG - Opening file selection dialog: Select files to add to vector database
2025-02-17 04:22:38,672 - DEBUG - Selected files: [WindowsPath('C:/UniLu/Spaider/sagan/sagan_smolagents/sagan_smolagents/data/1-s2.0-S0376042123000763-main.pdf')]
2025-02-17 04:22:38,683 - INFO - Updating vector database for project: project_20250217_040517_801166
2025-02-17 04:22:38,708 - DEBUG - Copied file: C:\UniLu\Spaider\sagan\sagan_smolagents\sagan_smolagents\data\1-s2.0-S0376042123000763-main.pdf to C:\UniLu\Spaider\sagan\sagan_smolagents\sagan_smolagents\projects\project_20250217_040517_801166\data\1-s2.0-S0376042123000763-main.pdf
2025-02-17 04:23:06,011 - INFO - Vector database updated successfully
2025-02-17 04:23:06,011 - INFO - Successfully processed: 1-s2.0-S0376042123000763-main.pdf
2025-02-17 04:23:18,260 - INFO - Exiting SAGAN Project Manager
2025-02-17 15:34:45,495 - INFO - Starting SAGAN Project Manager
2025-02-17 15:34:45,497 - DEBUG - Project initialized with config: <module 'config' from 'C:\\UniLu\\Spaider\\sagan\\sagan_smolagents\\sagan_smolagents\\config.py'>
2025-02-17 15:34:51,731 - DEBUG - Searching for projects in: C:\UniLu\Spaider\sagan\sagan_smolagents\sagan_smolagents\projects
2025-02-17 15:34:51,732 - DEBUG - Checking state file: C:\UniLu\Spaider\sagan\sagan_smolagents\sagan_smolagents\projects\project_20250214_174849_099232\state.json
2025-02-17 15:34:51,741 - DEBUG - Loaded project: potato (project_20250214_174849_099232)
2025-02-17 15:34:51,741 - DEBUG - Checking state file: C:\UniLu\Spaider\sagan\sagan_smolagents\sagan_smolagents\projects\project_20250214_175659_499514\state.json
2025-02-17 15:34:51,743 - DEBUG - Loaded project: asda (project_20250214_175659_499514)
2025-02-17 15:34:51,743 - DEBUG - Checking state file: C:\UniLu\Spaider\sagan\sagan_smolagents\sagan_smolagents\projects\project_20250216_150624_730894\state.json
2025-02-17 15:34:51,744 - DEBUG - Loaded project: test3 (project_20250216_150624_730894)
2025-02-17 15:34:51,744 - DEBUG - Checking state file: C:\UniLu\Spaider\sagan\sagan_smolagents\sagan_smolagents\projects\project_20250216_183357_455843\state.json
2025-02-17 15:34:51,745 - DEBUG - Loaded project: test4 (project_20250216_183357_455843)
2025-02-17 15:34:51,745 - DEBUG - Checking state file: C:\UniLu\Spaider\sagan\sagan_smolagents\sagan_smolagents\projects\project_20250217_040517_801166\state.json
2025-02-17 15:34:51,746 - DEBUG - Loaded project: tomato (project_20250217_040517_801166)
2025-02-17 15:34:51,746 - DEBUG - Found 5 projects
2025-02-17 15:34:51,747 - DEBUG - Showing project menu
2025-02-17 15:35:04,378 - ERROR - Failed to run workflow workflow1: Command '['C:\\Users\\sumit\\AppData\\Local\\pypoetry\\Cache\\virtualenvs\\sagan-smolagents-IrcAoJsT-py3.12\\Scripts\\python.exe', 'C:\\UniLu\\Spaider\\sagan\\sagan_smolagents\\sagan_smolagents\\sagan_workflow\\spaider_agent_temp\\app.py', '--project-id', 'project_20250216_183357_455843']' returned non-zero exit status 1.
2025-02-17 15:35:12,252 - INFO - Exiting SAGAN Project Manager
2025-02-17 15:35:33,102 - INFO - Starting SAGAN Project Manager
2025-02-17 15:35:33,102 - DEBUG - Project initialized with config: <module 'config' from 'C:\\UniLu\\Spaider\\sagan\\sagan_smolagents\\sagan_smolagents\\config.py'>
2025-02-17 15:36:59,144 - INFO - Exiting SAGAN Project Manager
2025-02-17 15:37:07,249 - INFO - Starting SAGAN Project Manager
2025-02-17 15:37:07,250 - DEBUG - Project initialized with config: <module 'config' from 'C:\\UniLu\\Spaider\\sagan\\sagan_smolagents\\sagan_smolagents\\config.py'>
2025-02-17 15:37:08,434 - DEBUG - Searching for projects in: C:\UniLu\Spaider\sagan\sagan_smolagents\sagan_smolagents\projects
2025-02-17 15:37:08,434 - DEBUG - Checking state file: C:\UniLu\Spaider\sagan\sagan_smolagents\sagan_smolagents\projects\project_20250214_174849_099232\state.json
2025-02-17 15:37:08,438 - DEBUG - Loaded project: potato (project_20250214_174849_099232)
2025-02-17 15:37:08,438 - DEBUG - Checking state file: C:\UniLu\Spaider\sagan\sagan_smolagents\sagan_smolagents\projects\project_20250214_175659_499514\state.json
2025-02-17 15:37:08,438 - DEBUG - Loaded project: asda (project_20250214_175659_499514)
2025-02-17 15:37:08,438 - DEBUG - Checking state file: C:\UniLu\Spaider\sagan\sagan_smolagents\sagan_smolagents\projects\project_20250216_150624_730894\state.json
2025-02-17 15:37:08,438 - DEBUG - Loaded project: test3 (project_20250216_150624_730894)
2025-02-17 15:37:08,438 - DEBUG - Checking state file: C:\UniLu\Spaider\sagan\sagan_smolagents\sagan_smolagents\projects\project_20250216_183357_455843\state.json
2025-02-17 15:37:08,438 - DEBUG - Loaded project: test4 (project_20250216_183357_455843)
2025-02-17 15:37:08,438 - DEBUG - Checking state file: C:\UniLu\Spaider\sagan\sagan_smolagents\sagan_smolagents\projects\project_20250217_040517_801166\state.json
2025-02-17 15:37:08,441 - DEBUG - Loaded project: tomato (project_20250217_040517_801166)
2025-02-17 15:37:08,441 - DEBUG - Found 5 projects
2025-02-17 15:37:08,441 - DEBUG - Showing project menu
2025-02-17 15:37:16,771 - ERROR - Failed to run workflow workflow1: Command '['C:\\Users\\sumit\\AppData\\Local\\pypoetry\\Cache\\virtualenvs\\sagan-smolagents-IrcAoJsT-py3.12\\Scripts\\python.exe', 'C:\\UniLu\\Spaider\\sagan\\sagan_smolagents\\sagan_smolagents\\sagan_workflow\\spaider_agent_temp\\app.py', '--project-id', 'project_20250216_183357_455843']' returned non-zero exit status 1.
2025-02-17 15:37:20,552 - INFO - Exiting SAGAN Project Manager
2025-02-17 19:01:50,475 - INFO - Starting SAGAN Project Manager
2025-02-17 19:01:50,476 - DEBUG - Project initialized with config: <module 'config' from 'C:\\UniLu\\Spaider\\sagan\\sagan_smolagents\\sagan_smolagents\\config.py'>
2025-02-17 19:11:48,149 - INFO - Exiting SAGAN Project Manager
2025-02-17 19:21:38,316 - INFO - Starting SAGAN Project Manager
2025-02-17 19:21:38,316 - DEBUG - Project initialized with config: <module 'config' from 'C:\\UniLu\\Spaider\\sagan\\sagan_smolagents\\sagan_smolagents\\config.py'>
2025-02-17 19:21:43,967 - DEBUG - Searching for projects in: C:\UniLu\Spaider\sagan\sagan_smolagents\sagan_smolagents\projects
2025-02-17 19:21:43,968 - DEBUG - Checking state file: C:\UniLu\Spaider\sagan\sagan_smolagents\sagan_smolagents\projects\project_20250214_174849_099232\state.json
2025-02-17 19:21:43,968 - DEBUG - Loaded project: potato (project_20250214_174849_099232)
2025-02-17 19:21:43,969 - DEBUG - Checking state file: C:\UniLu\Spaider\sagan\sagan_smolagents\sagan_smolagents\projects\project_20250214_175659_499514\state.json
2025-02-17 19:21:43,969 - DEBUG - Loaded project: asda (project_20250214_175659_499514)
2025-02-17 19:21:43,969 - DEBUG - Checking state file: C:\UniLu\Spaider\sagan\sagan_smolagents\sagan_smolagents\projects\project_20250216_150624_730894\state.json
2025-02-17 19:21:43,970 - DEBUG - Loaded project: test3 (project_20250216_150624_730894)
2025-02-17 19:21:43,970 - DEBUG - Checking state file: C:\UniLu\Spaider\sagan\sagan_smolagents\sagan_smolagents\projects\project_20250216_183357_455843\state.json
2025-02-17 19:21:43,970 - DEBUG - Loaded project: test4 (project_20250216_183357_455843)
2025-02-17 19:21:43,971 - DEBUG - Checking state file: C:\UniLu\Spaider\sagan\sagan_smolagents\sagan_smolagents\projects\project_20250217_040517_801166\state.json
2025-02-17 19:21:43,971 - DEBUG - Loaded project: tomato (project_20250217_040517_801166)
2025-02-17 19:21:43,971 - DEBUG - Found 5 projects
2025-02-17 19:21:43,971 - DEBUG - Showing project menu
2025-02-17 19:21:51,791 - DEBUG - Opening file selection dialog: Select files to add to vector database
2025-02-17 19:22:05,200 - DEBUG - Selected files: [WindowsPath('C:/UniLu/Spaider/sagan/sagan_smolagents/sagan_smolagents/data/meng-et-al-2018-how-to-apply-ai-and-automatic-into-mission-operation.pdf')]
2025-02-17 19:22:05,211 - INFO - Updating vector database for project: project_20250216_183357_455843
2025-02-17 19:22:05,215 - DEBUG - Copied file: C:\UniLu\Spaider\sagan\sagan_smolagents\sagan_smolagents\data\meng-et-al-2018-how-to-apply-ai-and-automatic-into-mission-operation.pdf to C:\UniLu\Spaider\sagan\sagan_smolagents\sagan_smolagents\projects\project_20250216_183357_455843\data\meng-et-al-2018-how-to-apply-ai-and-automatic-into-mission-operation.pdf
2025-02-17 19:22:29,419 - INFO - Vector database updated successfully
2025-02-17 19:22:29,419 - INFO - Successfully processed: meng-et-al-2018-how-to-apply-ai-and-automatic-into-mission-operation.pdf
2025-02-17 19:22:36,286 - ERROR - Failed to run workflow workflow1: Command '['C:\\Users\\sumit\\AppData\\Local\\pypoetry\\Cache\\virtualenvs\\sagan-smolagents-IrcAoJsT-py3.12\\Scripts\\python.exe', 'C:\\UniLu\\Spaider\\sagan\\sagan_smolagents\\sagan_smolagents\\sagan_workflow\\spaider_agent_temp\\app.py', '--project-id', 'project_20250216_183357_455843']' returned non-zero exit status 1.
2025-02-17 19:27:28,666 - INFO - Exiting SAGAN Project Manager
2025-02-17 19:28:54,420 - INFO - Starting SAGAN Project Manager
2025-02-17 19:28:54,421 - DEBUG - Project initialized with config: <module 'config' from 'C:\\UniLu\\Spaider\\sagan\\sagan_smolagents\\sagan_smolagents\\config.py'>
2025-02-17 19:28:59,574 - DEBUG - Searching for projects in: C:\UniLu\Spaider\sagan\sagan_smolagents\sagan_smolagents\projects
2025-02-17 19:28:59,574 - DEBUG - Checking state file: C:\UniLu\Spaider\sagan\sagan_smolagents\sagan_smolagents\projects\project_20250214_174849_099232\state.json
2025-02-17 19:28:59,574 - DEBUG - Loaded project: potato (project_20250214_174849_099232)
2025-02-17 19:28:59,574 - DEBUG - Checking state file: C:\UniLu\Spaider\sagan\sagan_smolagents\sagan_smolagents\projects\project_20250214_175659_499514\state.json
2025-02-17 19:28:59,580 - DEBUG - Loaded project: asda (project_20250214_175659_499514)
2025-02-17 19:28:59,581 - DEBUG - Checking state file: C:\UniLu\Spaider\sagan\sagan_smolagents\sagan_smolagents\projects\project_20250216_150624_730894\state.json
2025-02-17 19:28:59,581 - DEBUG - Loaded project: test3 (project_20250216_150624_730894)
2025-02-17 19:28:59,581 - DEBUG - Checking state file: C:\UniLu\Spaider\sagan\sagan_smolagents\sagan_smolagents\projects\project_20250216_183357_455843\state.json
2025-02-17 19:28:59,581 - DEBUG - Loaded project: test4 (project_20250216_183357_455843)
2025-02-17 19:28:59,581 - DEBUG - Checking state file: C:\UniLu\Spaider\sagan\sagan_smolagents\sagan_smolagents\projects\project_20250217_040517_801166\state.json
2025-02-17 19:28:59,581 - DEBUG - Loaded project: tomato (project_20250217_040517_801166)
2025-02-17 19:28:59,584 - DEBUG - Found 5 projects
2025-02-17 19:28:59,584 - DEBUG - Showing project menu
2025-02-17 19:29:07,606 - ERROR - Failed to run workflow workflow1: Command '['C:\\Users\\sumit\\AppData\\Local\\pypoetry\\Cache\\virtualenvs\\sagan-smolagents-IrcAoJsT-py3.12\\Scripts\\python.exe', 'C:\\UniLu\\Spaider\\sagan\\sagan_smolagents\\sagan_smolagents\\sagan_workflow\\spaider_agent_temp\\app.py', '--project-id', 'project_20250216_183357_455843']' returned non-zero exit status 1.
2025-02-17 19:31:27,806 - INFO - Exiting SAGAN Project Manager
2025-02-17 19:39:45,531 - INFO - Starting SAGAN Project Manager
2025-02-17 19:39:45,532 - DEBUG - Project initialized with config: <module 'config' from 'C:\\UniLu\\Spaider\\sagan\\sagan_smolagents\\sagan_smolagents\\config.py'>
2025-02-17 19:39:46,752 - DEBUG - Searching for projects in: C:\UniLu\Spaider\sagan\sagan_smolagents\sagan_smolagents\projects
2025-02-17 19:39:46,762 - DEBUG - Checking state file: C:\UniLu\Spaider\sagan\sagan_smolagents\sagan_smolagents\projects\project_20250214_174849_099232\state.json
2025-02-17 19:39:46,762 - DEBUG - Loaded project: potato (project_20250214_174849_099232)
2025-02-17 19:39:46,762 - DEBUG - Checking state file: C:\UniLu\Spaider\sagan\sagan_smolagents\sagan_smolagents\projects\project_20250214_175659_499514\state.json
2025-02-17 19:39:46,762 - DEBUG - Loaded project: asda (project_20250214_175659_499514)
2025-02-17 19:39:46,762 - DEBUG - Checking state file: C:\UniLu\Spaider\sagan\sagan_smolagents\sagan_smolagents\projects\project_20250216_150624_730894\state.json
2025-02-17 19:39:46,762 - DEBUG - Loaded project: test3 (project_20250216_150624_730894)
2025-02-17 19:39:46,762 - DEBUG - Checking state file: C:\UniLu\Spaider\sagan\sagan_smolagents\sagan_smolagents\projects\project_20250216_183357_455843\state.json
2025-02-17 19:39:46,762 - DEBUG - Loaded project: test4 (project_20250216_183357_455843)
2025-02-17 19:39:46,762 - DEBUG - Checking state file: C:\UniLu\Spaider\sagan\sagan_smolagents\sagan_smolagents\projects\project_20250217_040517_801166\state.json
2025-02-17 19:39:46,762 - DEBUG - Loaded project: tomato (project_20250217_040517_801166)
2025-02-17 19:39:46,762 - DEBUG - Found 5 projects
2025-02-17 19:39:46,762 - DEBUG - Showing project menu
2025-02-17 19:43:28,751 - INFO - Starting SAGAN Project Manager
2025-02-17 19:43:28,751 - DEBUG - Project initialized with config: <module 'config' from 'C:\\UniLu\\Spaider\\sagan\\sagan_smolagents\\sagan_smolagents\\config.py'>
2025-02-17 19:43:30,464 - DEBUG - Searching for projects in: C:\UniLu\Spaider\sagan\sagan_smolagents\sagan_smolagents\projects
2025-02-17 19:43:30,465 - DEBUG - Checking state file: C:\UniLu\Spaider\sagan\sagan_smolagents\sagan_smolagents\projects\project_20250214_174849_099232\state.json
2025-02-17 19:43:30,465 - DEBUG - Loaded project: potato (project_20250214_174849_099232)
2025-02-17 19:43:30,466 - DEBUG - Checking state file: C:\UniLu\Spaider\sagan\sagan_smolagents\sagan_smolagents\projects\project_20250214_175659_499514\state.json
2025-02-17 19:43:30,466 - DEBUG - Loaded project: asda (project_20250214_175659_499514)
2025-02-17 19:43:30,467 - DEBUG - Checking state file: C:\UniLu\Spaider\sagan\sagan_smolagents\sagan_smolagents\projects\project_20250216_150624_730894\state.json
2025-02-17 19:43:30,467 - DEBUG - Loaded project: test3 (project_20250216_150624_730894)
2025-02-17 19:43:30,468 - DEBUG - Checking state file: C:\UniLu\Spaider\sagan\sagan_smolagents\sagan_smolagents\projects\project_20250216_183357_455843\state.json
2025-02-17 19:43:30,468 - DEBUG - Loaded project: test4 (project_20250216_183357_455843)
2025-02-17 19:43:30,468 - DEBUG - Checking state file: C:\UniLu\Spaider\sagan\sagan_smolagents\sagan_smolagents\projects\project_20250217_040517_801166\state.json
2025-02-17 19:43:30,469 - DEBUG - Loaded project: tomato (project_20250217_040517_801166)
2025-02-17 19:43:30,469 - DEBUG - Found 5 projects
2025-02-17 19:43:30,470 - DEBUG - Showing project menu
2025-02-17 20:13:57,338 - INFO - Starting SAGAN Project Manager
2025-02-17 20:13:57,338 - DEBUG - Project initialized with config: <module 'config' from 'C:\\UniLu\\Spaider\\sagan\\sagan_smolagents\\sagan_smolagents\\config.py'>
2025-02-17 20:14:02,134 - DEBUG - Searching for projects in: C:\UniLu\Spaider\sagan\sagan_smolagents\sagan_smolagents\projects
2025-02-17 20:14:02,135 - DEBUG - Checking state file: C:\UniLu\Spaider\sagan\sagan_smolagents\sagan_smolagents\projects\project_20250214_174849_099232\state.json
2025-02-17 20:14:02,135 - DEBUG - Loaded project: potato (project_20250214_174849_099232)
2025-02-17 20:14:02,136 - DEBUG - Checking state file: C:\UniLu\Spaider\sagan\sagan_smolagents\sagan_smolagents\projects\project_20250214_175659_499514\state.json
2025-02-17 20:14:02,136 - DEBUG - Loaded project: asda (project_20250214_175659_499514)
2025-02-17 20:14:02,136 - DEBUG - Checking state file: C:\UniLu\Spaider\sagan\sagan_smolagents\sagan_smolagents\projects\project_20250216_150624_730894\state.json
2025-02-17 20:14:02,137 - DEBUG - Loaded project: test3 (project_20250216_150624_730894)
2025-02-17 20:14:02,137 - DEBUG - Checking state file: C:\UniLu\Spaider\sagan\sagan_smolagents\sagan_smolagents\projects\project_20250216_183357_455843\state.json
2025-02-17 20:14:02,138 - DEBUG - Loaded project: test4 (project_20250216_183357_455843)
2025-02-17 20:14:02,138 - DEBUG - Checking state file: C:\UniLu\Spaider\sagan\sagan_smolagents\sagan_smolagents\projects\project_20250217_040517_801166\state.json
2025-02-17 20:14:02,138 - DEBUG - Loaded project: tomato (project_20250217_040517_801166)
2025-02-17 20:14:02,139 - DEBUG - Checking state file: C:\UniLu\Spaider\sagan\sagan_smolagents\sagan_smolagents\projects\project_20250217_230723_654674\state.json
2025-02-17 20:14:02,139 - DEBUG - Loaded project: vinod (project_20250217_230723_654674)
2025-02-17 20:14:02,139 - DEBUG - Found 6 projects
2025-02-17 20:14:02,139 - DEBUG - Showing project menu
2025-02-17 20:14:28,865 - ERROR - Failed to run workflow workflow1: Command '['C:\\Users\\sumit\\AppData\\Local\\pypoetry\\Cache\\virtualenvs\\sagan-smolagents-IrcAoJsT-py3.12\\Scripts\\python.exe', 'C:\\UniLu\\Spaider\\sagan\\sagan_smolagents\\sagan_smolagents\\sagan_workflow\\spaider_agent_temp\\app.py', '--project-id', 'project_20250216_183357_455843']' returned non-zero exit status 1.
2025-02-17 20:14:43,746 - INFO - Exiting SAGAN Project Manager
2025-02-17 20:33:07,955 - INFO - Starting SAGAN Project Manager
2025-02-17 20:33:07,956 - DEBUG - Project initialized with config: <module 'config' from 'C:\\UniLu\\Spaider\\sagan\\sagan_smolagents\\sagan_smolagents\\config.py'>
2025-02-17 20:33:09,275 - DEBUG - Searching for projects in: C:\UniLu\Spaider\sagan\sagan_smolagents\sagan_smolagents\projects
2025-02-17 20:33:09,276 - DEBUG - Checking state file: C:\UniLu\Spaider\sagan\sagan_smolagents\sagan_smolagents\projects\project_20250214_174849_099232\state.json
2025-02-17 20:33:09,277 - DEBUG - Loaded project: potato (project_20250214_174849_099232)
2025-02-17 20:33:09,277 - DEBUG - Checking state file: C:\UniLu\Spaider\sagan\sagan_smolagents\sagan_smolagents\projects\project_20250214_175659_499514\state.json
2025-02-17 20:33:09,279 - DEBUG - Loaded project: asda (project_20250214_175659_499514)
2025-02-17 20:33:09,279 - DEBUG - Checking state file: C:\UniLu\Spaider\sagan\sagan_smolagents\sagan_smolagents\projects\project_20250216_150624_730894\state.json
2025-02-17 20:33:09,280 - DEBUG - Loaded project: test3 (project_20250216_150624_730894)
2025-02-17 20:33:09,280 - DEBUG - Checking state file: C:\UniLu\Spaider\sagan\sagan_smolagents\sagan_smolagents\projects\project_20250216_183357_455843\state.json
2025-02-17 20:33:09,281 - DEBUG - Loaded project: test4 (project_20250216_183357_455843)
2025-02-17 20:33:09,281 - DEBUG - Checking state file: C:\UniLu\Spaider\sagan\sagan_smolagents\sagan_smolagents\projects\project_20250217_040517_801166\state.json
2025-02-17 20:33:09,282 - DEBUG - Loaded project: tomato (project_20250217_040517_801166)
2025-02-17 20:33:09,282 - DEBUG - Checking state file: C:\UniLu\Spaider\sagan\sagan_smolagents\sagan_smolagents\projects\project_20250217_230723_654674\state.json
2025-02-17 20:33:09,283 - DEBUG - Loaded project: vinod (project_20250217_230723_654674)
2025-02-17 20:33:09,283 - DEBUG - Found 6 projects
2025-02-17 20:33:09,284 - DEBUG - Showing project menu
2025-02-17 20:33:29,726 - ERROR - Failed to run workflow workflow1: Command '['C:\\Users\\sumit\\AppData\\Local\\pypoetry\\Cache\\virtualenvs\\sagan-smolagents-IrcAoJsT-py3.12\\Scripts\\python.exe', 'C:\\UniLu\\Spaider\\sagan\\sagan_smolagents\\sagan_smolagents\\sagan_workflow\\spaider_agent_temp\\app.py', '--project-id', 'project_20250216_183357_455843']' returned non-zero exit status 1.
2025-02-17 20:34:32,495 - INFO - Exiting SAGAN Project Manager
2025-02-17 20:39:26,498 - INFO - Starting SAGAN Project Manager
2025-02-17 20:39:26,498 - DEBUG - Project initialized with config: <module 'config' from 'C:\\UniLu\\Spaider\\sagan\\sagan_smolagents\\sagan_smolagents\\config.py'>
2025-02-17 20:39:28,398 - DEBUG - Searching for projects in: C:\UniLu\Spaider\sagan\sagan_smolagents\sagan_smolagents\projects
2025-02-17 20:39:28,398 - DEBUG - Checking state file: C:\UniLu\Spaider\sagan\sagan_smolagents\sagan_smolagents\projects\project_20250214_174849_099232\state.json
2025-02-17 20:39:28,398 - DEBUG - Loaded project: potato (project_20250214_174849_099232)
2025-02-17 20:39:28,398 - DEBUG - Checking state file: C:\UniLu\Spaider\sagan\sagan_smolagents\sagan_smolagents\projects\project_20250214_175659_499514\state.json
2025-02-17 20:39:28,398 - DEBUG - Loaded project: asda (project_20250214_175659_499514)
2025-02-17 20:39:28,401 - DEBUG - Checking state file: C:\UniLu\Spaider\sagan\sagan_smolagents\sagan_smolagents\projects\project_20250216_150624_730894\state.json
2025-02-17 20:39:28,401 - DEBUG - Loaded project: test3 (project_20250216_150624_730894)
2025-02-17 20:39:28,401 - DEBUG - Checking state file: C:\UniLu\Spaider\sagan\sagan_smolagents\sagan_smolagents\projects\project_20250216_183357_455843\state.json
2025-02-17 20:39:28,401 - DEBUG - Loaded project: test4 (project_20250216_183357_455843)
2025-02-17 20:39:28,401 - DEBUG - Checking state file: C:\UniLu\Spaider\sagan\sagan_smolagents\sagan_smolagents\projects\project_20250217_040517_801166\state.json
2025-02-17 20:39:28,401 - DEBUG - Loaded project: tomato (project_20250217_040517_801166)
2025-02-17 20:39:28,401 - DEBUG - Checking state file: C:\UniLu\Spaider\sagan\sagan_smolagents\sagan_smolagents\projects\project_20250217_230723_654674\state.json
2025-02-17 20:39:28,404 - DEBUG - Loaded project: vinod (project_20250217_230723_654674)
2025-02-17 20:39:28,404 - DEBUG - Found 6 projects
2025-02-17 20:39:28,404 - DEBUG - Showing project menu
2025-02-17 20:39:45,084 - ERROR - Failed to run workflow workflow1: Command '['C:\\Users\\sumit\\AppData\\Local\\pypoetry\\Cache\\virtualenvs\\sagan-smolagents-IrcAoJsT-py3.12\\Scripts\\python.exe', 'C:\\UniLu\\Spaider\\sagan\\sagan_smolagents\\sagan_smolagents\\sagan_workflow\\spaider_agent_temp\\app.py', '--project-id', 'project_20250216_183357_455843']' returned non-zero exit status 1.
2025-02-17 20:42:49,258 - INFO - Exiting SAGAN Project Manager
2025-02-17 20:42:56,171 - INFO - Starting SAGAN Project Manager
2025-02-17 20:42:56,172 - DEBUG - Project initialized with config: <module 'config' from 'C:\\UniLu\\Spaider\\sagan\\sagan_smolagents\\sagan_smolagents\\config.py'>
2025-02-17 20:42:58,177 - DEBUG - Searching for projects in: C:\UniLu\Spaider\sagan\sagan_smolagents\sagan_smolagents\projects
2025-02-17 20:42:58,178 - DEBUG - Checking state file: C:\UniLu\Spaider\sagan\sagan_smolagents\sagan_smolagents\projects\project_20250214_174849_099232\state.json
2025-02-17 20:42:58,179 - DEBUG - Loaded project: potato (project_20250214_174849_099232)
2025-02-17 20:42:58,179 - DEBUG - Checking state file: C:\UniLu\Spaider\sagan\sagan_smolagents\sagan_smolagents\projects\project_20250214_175659_499514\state.json
2025-02-17 20:42:58,179 - DEBUG - Loaded project: asda (project_20250214_175659_499514)
2025-02-17 20:42:58,180 - DEBUG - Checking state file: C:\UniLu\Spaider\sagan\sagan_smolagents\sagan_smolagents\projects\project_20250216_150624_730894\state.json
2025-02-17 20:42:58,180 - DEBUG - Loaded project: test3 (project_20250216_150624_730894)
2025-02-17 20:42:58,180 - DEBUG - Checking state file: C:\UniLu\Spaider\sagan\sagan_smolagents\sagan_smolagents\projects\project_20250216_183357_455843\state.json
2025-02-17 20:42:58,181 - DEBUG - Loaded project: test4 (project_20250216_183357_455843)
2025-02-17 20:42:58,181 - DEBUG - Checking state file: C:\UniLu\Spaider\sagan\sagan_smolagents\sagan_smolagents\projects\project_20250217_040517_801166\state.json
2025-02-17 20:42:58,181 - DEBUG - Loaded project: tomato (project_20250217_040517_801166)
2025-02-17 20:42:58,182 - DEBUG - Checking state file: C:\UniLu\Spaider\sagan\sagan_smolagents\sagan_smolagents\projects\project_20250217_230723_654674\state.json
2025-02-17 20:42:58,182 - DEBUG - Loaded project: vinod (project_20250217_230723_654674)
2025-02-17 20:42:58,182 - DEBUG - Found 6 projects
2025-02-17 20:42:58,182 - DEBUG - Showing project menu
2025-02-17 20:43:11,301 - ERROR - Failed to run workflow workflow1: Command '['C:\\Users\\sumit\\AppData\\Local\\pypoetry\\Cache\\virtualenvs\\sagan-smolagents-IrcAoJsT-py3.12\\Scripts\\python.exe', 'C:\\UniLu\\Spaider\\sagan\\sagan_smolagents\\sagan_smolagents\\sagan_workflow\\spaider_agent_temp\\app.py', '--project-id', 'project_20250216_183357_455843']' returned non-zero exit status 1.
2025-02-17 20:46:24,920 - INFO - Exiting SAGAN Project Manager
2025-02-17 20:53:35,231 - INFO - Starting SAGAN Project Manager
2025-02-17 20:53:35,231 - DEBUG - Project initialized with config: <module 'config' from 'C:\\UniLu\\Spaider\\sagan\\sagan_smolagents\\sagan_smolagents\\config.py'>
2025-02-17 20:53:44,826 - DEBUG - Searching for projects in: C:\UniLu\Spaider\sagan\sagan_smolagents\sagan_smolagents\projects
2025-02-17 20:53:44,827 - DEBUG - Checking state file: C:\UniLu\Spaider\sagan\sagan_smolagents\sagan_smolagents\projects\project_20250214_174849_099232\state.json
2025-02-17 20:53:44,827 - DEBUG - Loaded project: potato (project_20250214_174849_099232)
2025-02-17 20:53:44,827 - DEBUG - Checking state file: C:\UniLu\Spaider\sagan\sagan_smolagents\sagan_smolagents\projects\project_20250214_175659_499514\state.json
2025-02-17 20:53:44,828 - DEBUG - Loaded project: asda (project_20250214_175659_499514)
2025-02-17 20:53:44,828 - DEBUG - Checking state file: C:\UniLu\Spaider\sagan\sagan_smolagents\sagan_smolagents\projects\project_20250216_150624_730894\state.json
2025-02-17 20:53:44,828 - DEBUG - Loaded project: test3 (project_20250216_150624_730894)
2025-02-17 20:53:44,829 - DEBUG - Checking state file: C:\UniLu\Spaider\sagan\sagan_smolagents\sagan_smolagents\projects\project_20250216_183357_455843\state.json
2025-02-17 20:53:44,829 - DEBUG - Loaded project: test4 (project_20250216_183357_455843)
2025-02-17 20:53:44,829 - DEBUG - Checking state file: C:\UniLu\Spaider\sagan\sagan_smolagents\sagan_smolagents\projects\project_20250217_040517_801166\state.json
2025-02-17 20:53:44,830 - DEBUG - Loaded project: tomato (project_20250217_040517_801166)
2025-02-17 20:53:44,830 - DEBUG - Checking state file: C:\UniLu\Spaider\sagan\sagan_smolagents\sagan_smolagents\projects\project_20250217_230723_654674\state.json
2025-02-17 20:53:44,830 - DEBUG - Loaded project: vinod (project_20250217_230723_654674)
2025-02-17 20:53:44,830 - DEBUG - Found 6 projects
2025-02-17 20:53:44,831 - DEBUG - Showing project menu
2025-02-17 20:53:58,861 - ERROR - Failed to run workflow workflow1: Command '['C:\\Users\\sumit\\AppData\\Local\\pypoetry\\Cache\\virtualenvs\\sagan-smolagents-IrcAoJsT-py3.12\\Scripts\\python.exe', 'C:\\UniLu\\Spaider\\sagan\\sagan_smolagents\\sagan_smolagents\\sagan_workflow\\spaider_agent_temp\\app.py', '--project-id', 'project_20250216_183357_455843']' returned non-zero exit status 1.
2025-02-17 20:54:03,472 - INFO - Exiting SAGAN Project Manager
2025-02-17 21:27:09,237 - INFO - Starting SAGAN Project Manager
2025-02-17 21:27:09,237 - DEBUG - Project initialized with config: <module 'config' from 'C:\\UniLu\\Spaider\\sagan\\sagan_smolagents\\sagan_smolagents\\config.py'>
2025-02-17 21:27:12,604 - DEBUG - Searching for projects in: C:\UniLu\Spaider\sagan\sagan_smolagents\sagan_smolagents\projects
2025-02-17 21:27:12,604 - DEBUG - Checking state file: C:\UniLu\Spaider\sagan\sagan_smolagents\sagan_smolagents\projects\project_20250214_174849_099232\state.json
2025-02-17 21:27:12,605 - DEBUG - Loaded project: potato (project_20250214_174849_099232)
2025-02-17 21:27:12,605 - DEBUG - Checking state file: C:\UniLu\Spaider\sagan\sagan_smolagents\sagan_smolagents\projects\project_20250214_175659_499514\state.json
2025-02-17 21:27:12,606 - DEBUG - Loaded project: asda (project_20250214_175659_499514)
2025-02-17 21:27:12,606 - DEBUG - Checking state file: C:\UniLu\Spaider\sagan\sagan_smolagents\sagan_smolagents\projects\project_20250216_150624_730894\state.json
2025-02-17 21:27:12,606 - DEBUG - Loaded project: test3 (project_20250216_150624_730894)
2025-02-17 21:27:12,606 - DEBUG - Checking state file: C:\UniLu\Spaider\sagan\sagan_smolagents\sagan_smolagents\projects\project_20250216_183357_455843\state.json
2025-02-17 21:27:12,607 - DEBUG - Loaded project: test4 (project_20250216_183357_455843)
2025-02-17 21:27:12,607 - DEBUG - Checking state file: C:\UniLu\Spaider\sagan\sagan_smolagents\sagan_smolagents\projects\project_20250217_040517_801166\state.json
2025-02-17 21:27:12,608 - DEBUG - Loaded project: tomato (project_20250217_040517_801166)
2025-02-17 21:27:12,608 - DEBUG - Checking state file: C:\UniLu\Spaider\sagan\sagan_smolagents\sagan_smolagents\projects\project_20250217_230723_654674\state.json
2025-02-17 21:27:12,608 - DEBUG - Loaded project: vinod (project_20250217_230723_654674)
2025-02-17 21:27:12,609 - DEBUG - Found 6 projects
2025-02-17 21:27:12,609 - DEBUG - Showing project menu
2025-02-17 21:27:18,770 - ERROR - Failed to run workflow workflow1: Command '['C:\\Users\\sumit\\AppData\\Local\\pypoetry\\Cache\\virtualenvs\\sagan-smolagents-IrcAoJsT-py3.12\\Scripts\\python.exe', 'C:\\UniLu\\Spaider\\sagan\\sagan_smolagents\\sagan_smolagents\\sagan_workflow\\spaider_agent_temp\\app.py', '--project-id', 'project_20250216_183357_455843']' returned non-zero exit status 1.
2025-02-17 21:27:24,407 - INFO - Exiting SAGAN Project Manager
2025-02-17 21:32:25,967 - INFO - Starting SAGAN Project Manager
2025-02-17 21:32:25,968 - DEBUG - Project initialized with config: <module 'config' from 'C:\\UniLu\\Spaider\\sagan\\sagan_smolagents\\sagan_smolagents\\config.py'>
2025-02-17 21:32:36,488 - DEBUG - Created directory: C:\UniLu\Spaider\sagan\sagan_smolagents\sagan_smolagents\projects\project_20250217_213236_487243
2025-02-17 21:32:36,488 - DEBUG - Created directory: C:\UniLu\Spaider\sagan\sagan_smolagents\sagan_smolagents\projects\project_20250217_213236_487243\data
2025-02-17 21:32:36,488 - DEBUG - Created directory: C:\UniLu\Spaider\sagan\sagan_smolagents\sagan_smolagents\projects\project_20250217_213236_487243\vectordb
2025-02-17 21:32:36,488 - DEBUG - Created directory: C:\UniLu\Spaider\sagan\sagan_smolagents\sagan_smolagents\projects\project_20250217_213236_487243\template
2025-02-17 21:32:36,498 - DEBUG - Created directory: C:\UniLu\Spaider\sagan\sagan_smolagents\sagan_smolagents\projects\project_20250217_213236_487243\workflow1_output
2025-02-17 21:32:36,498 - DEBUG - Created directory: C:\UniLu\Spaider\sagan\sagan_smolagents\sagan_smolagents\projects\project_20250217_213236_487243\workflow2_output
2025-02-17 21:32:36,499 - DEBUG - Created directory: C:\UniLu\Spaider\sagan\sagan_smolagents\sagan_smolagents\projects\project_20250217_213236_487243\workflow1_output\nodewise_output
2025-02-17 21:32:36,499 - DEBUG - Created directory: C:\UniLu\Spaider\sagan\sagan_smolagents\sagan_smolagents\projects\project_20250217_213236_487243\workflow1_output\retrieved_images
2025-02-17 21:32:36,501 - DEBUG - Opening file selection dialog: Select input files
2025-02-17 21:32:45,012 - DEBUG - Selected files: [WindowsPath('C:/UniLu/Spaider/sagan/sagan_smolagents/sagan_smolagents/data/1-s2.0-S0376042123000763-main.pdf')]
2025-02-17 21:32:45,044 - DEBUG - Copied file: C:\UniLu\Spaider\sagan\sagan_smolagents\sagan_smolagents\data\1-s2.0-S0376042123000763-main.pdf to C:\UniLu\Spaider\sagan\sagan_smolagents\sagan_smolagents\projects\project_20250217_213236_487243\data\1-s2.0-S0376042123000763-main.pdf
2025-02-17 21:33:24,699 - DEBUG - Copied template: C:\UniLu\Spaider\sagan\sagan_smolagents\sagan_smolagents\fnr_template\Project Idea Template.docx to C:\UniLu\Spaider\sagan\sagan_smolagents\sagan_smolagents\projects\project_20250217_213236_487243\template\Project Idea Template.docx
2025-02-17 21:33:35,204 - DEBUG - Searching for projects in: C:\UniLu\Spaider\sagan\sagan_smolagents\sagan_smolagents\projects
2025-02-17 21:33:35,205 - DEBUG - Checking state file: C:\UniLu\Spaider\sagan\sagan_smolagents\sagan_smolagents\projects\project_20250217_040517_801166\state.json
2025-02-17 21:33:35,205 - DEBUG - Loaded project: tomato (project_20250217_040517_801166)
2025-02-17 21:33:35,205 - DEBUG - Checking state file: C:\UniLu\Spaider\sagan\sagan_smolagents\sagan_smolagents\projects\project_20250217_213236_487243\state.json
2025-02-17 21:33:35,211 - DEBUG - Loaded project: owl (project_20250217_213236_487243)
2025-02-17 21:33:35,212 - DEBUG - Found 2 projects
2025-02-17 21:33:35,212 - DEBUG - Showing project menu
2025-02-17 21:33:41,622 - DEBUG - Opening file selection dialog: Select files to add to vector database
2025-02-17 21:34:03,091 - DEBUG - Selected files: [WindowsPath('C:/UniLu/Spaider/sagan/sagan_smolagents/sagan_smolagents/data/SA517LI.pdf')]
2025-02-17 21:34:03,100 - INFO - Updating vector database for project: project_20250217_213236_487243
2025-02-17 21:34:03,110 - DEBUG - Copied file: C:\UniLu\Spaider\sagan\sagan_smolagents\sagan_smolagents\data\SA517LI.pdf to C:\UniLu\Spaider\sagan\sagan_smolagents\sagan_smolagents\projects\project_20250217_213236_487243\data\SA517LI.pdf
2025-02-17 21:34:07,841 - INFO - Vector database updated successfully
2025-02-17 21:34:07,841 - INFO - Successfully processed: SA517LI.pdf
2025-02-17 21:42:56,914 - ERROR - Failed to run workflow workflow1: Command '['C:\\Users\\sumit\\AppData\\Local\\pypoetry\\Cache\\virtualenvs\\sagan-smolagents-IrcAoJsT-py3.12\\Scripts\\python.exe', 'C:\\UniLu\\Spaider\\sagan\\sagan_smolagents\\sagan_smolagents\\sagan_workflow\\spaider_agent_temp\\app.py', '--project-id', 'project_20250217_213236_487243']' returned non-zero exit status 1.
2025-02-17 21:43:07,196 - INFO - Exiting SAGAN Project Manager
2025-02-17 22:30:39,589 - INFO - Starting SAGAN Project Manager
2025-02-17 22:30:39,589 - DEBUG - Project initialized with config: <module 'config' from 'C:\\UniLu\\Spaider\\sagan\\sagan_smolagents\\sagan_smolagents\\config.py'>
2025-02-17 22:30:42,625 - DEBUG - Searching for projects in: C:\UniLu\Spaider\sagan\sagan_smolagents\sagan_smolagents\projects
2025-02-17 22:30:42,625 - DEBUG - Checking state file: C:\UniLu\Spaider\sagan\sagan_smolagents\sagan_smolagents\projects\project_20250217_040517_801166\state.json
2025-02-17 22:30:42,625 - DEBUG - Loaded project: tomato (project_20250217_040517_801166)
2025-02-17 22:30:42,625 - DEBUG - Checking state file: C:\UniLu\Spaider\sagan\sagan_smolagents\sagan_smolagents\projects\project_20250217_213236_487243\state.json
2025-02-17 22:30:42,625 - DEBUG - Loaded project: owl (project_20250217_213236_487243)
2025-02-17 22:30:42,625 - DEBUG - Found 2 projects
2025-02-17 22:30:42,625 - DEBUG - Showing project menu
2025-02-17 22:30:46,018 - INFO - Running workflow1 for project project_20250217_213236_487243
2025-02-17 22:31:04,852 - ERROR - Failed to run workflow workflow1: Command '['C:\\Users\\sumit\\AppData\\Local\\pypoetry\\Cache\\virtualenvs\\sagan-smolagents-IrcAoJsT-py3.12\\Scripts\\python.exe', 'C:\\UniLu\\Spaider\\sagan\\sagan_smolagents\\sagan_smolagents\\sagan_workflow\\spaider_agent_temp\\app.py', '--project-id', 'project_20250217_213236_487243']' returned non-zero exit status 1.
2025-02-17 22:31:04,853 - ERROR - Application error: Command '['C:\\Users\\sumit\\AppData\\Local\\pypoetry\\Cache\\virtualenvs\\sagan-smolagents-IrcAoJsT-py3.12\\Scripts\\python.exe', 'C:\\UniLu\\Spaider\\sagan\\sagan_smolagents\\sagan_smolagents\\sagan_workflow\\spaider_agent_temp\\app.py', '--project-id', 'project_20250217_213236_487243']' returned non-zero exit status 1.
2025-02-17 22:41:09,879 - INFO - Starting SAGAN Project Manager
2025-02-17 22:41:09,881 - DEBUG - Project initialized with config: <module 'config' from 'C:\\UniLu\\Spaider\\sagan\\sagan_smolagents\\sagan_smolagents\\config.py'>
2025-02-17 22:41:11,095 - DEBUG - Searching for projects in: C:\UniLu\Spaider\sagan\sagan_smolagents\sagan_smolagents\projects
2025-02-17 22:41:11,095 - DEBUG - Checking state file: C:\UniLu\Spaider\sagan\sagan_smolagents\sagan_smolagents\projects\project_20250217_040517_801166\state.json
2025-02-17 22:41:11,095 - DEBUG - Loaded project: tomato (project_20250217_040517_801166)
2025-02-17 22:41:11,095 - DEBUG - Checking state file: C:\UniLu\Spaider\sagan\sagan_smolagents\sagan_smolagents\projects\project_20250217_213236_487243\state.json
2025-02-17 22:41:11,095 - DEBUG - Loaded project: owl (project_20250217_213236_487243)
2025-02-17 22:41:11,095 - DEBUG - Found 2 projects
2025-02-17 22:41:11,095 - DEBUG - Showing project menu
2025-02-17 22:41:13,844 - INFO - Running workflow1 for project project_20250217_213236_487243
2025-02-17 22:41:19,399 - ERROR - Failed to run workflow workflow1: Command '['C:\\Users\\sumit\\AppData\\Local\\pypoetry\\Cache\\virtualenvs\\sagan-smolagents-IrcAoJsT-py3.12\\Scripts\\python.exe', 'C:\\UniLu\\Spaider\\sagan\\sagan_smolagents\\sagan_smolagents\\sagan_workflow\\spaider_agent_temp\\app.py', '--project-id', 'project_20250217_213236_487243']' returned non-zero exit status 1.
2025-02-17 22:41:19,400 - ERROR - Application error: Command '['C:\\Users\\sumit\\AppData\\Local\\pypoetry\\Cache\\virtualenvs\\sagan-smolagents-IrcAoJsT-py3.12\\Scripts\\python.exe', 'C:\\UniLu\\Spaider\\sagan\\sagan_smolagents\\sagan_smolagents\\sagan_workflow\\spaider_agent_temp\\app.py', '--project-id', 'project_20250217_213236_487243']' returned non-zero exit status 1.
2025-02-17 22:42:17,399 - INFO - Starting SAGAN Project Manager
2025-02-17 22:42:17,399 - DEBUG - Project initialized with config: <module 'config' from 'C:\\UniLu\\Spaider\\sagan\\sagan_smolagents\\sagan_smolagents\\config.py'>
2025-02-17 22:42:19,233 - DEBUG - Searching for projects in: C:\UniLu\Spaider\sagan\sagan_smolagents\sagan_smolagents\projects
2025-02-17 22:42:19,233 - DEBUG - Checking state file: C:\UniLu\Spaider\sagan\sagan_smolagents\sagan_smolagents\projects\project_20250217_040517_801166\state.json
2025-02-17 22:42:19,250 - DEBUG - Loaded project: tomato (project_20250217_040517_801166)
2025-02-17 22:42:19,250 - DEBUG - Checking state file: C:\UniLu\Spaider\sagan\sagan_smolagents\sagan_smolagents\projects\project_20250217_213236_487243\state.json
2025-02-17 22:42:19,250 - DEBUG - Loaded project: owl (project_20250217_213236_487243)
2025-02-17 22:42:19,250 - DEBUG - Found 2 projects
2025-02-17 22:42:19,250 - DEBUG - Showing project menu
2025-02-17 22:42:21,774 - INFO - Running workflow1 for project project_20250217_213236_487243
2025-02-17 22:42:41,193 - ERROR - Failed to run workflow workflow1: Command '['C:\\Users\\sumit\\AppData\\Local\\pypoetry\\Cache\\virtualenvs\\sagan-smolagents-IrcAoJsT-py3.12\\Scripts\\python.exe', 'C:\\UniLu\\Spaider\\sagan\\sagan_smolagents\\sagan_smolagents\\sagan_workflow\\spaider_agent_temp\\app.py', '--project-id', 'project_20250217_213236_487243']' returned non-zero exit status 1.
2025-02-17 22:42:41,193 - ERROR - Application error: Command '['C:\\Users\\sumit\\AppData\\Local\\pypoetry\\Cache\\virtualenvs\\sagan-smolagents-IrcAoJsT-py3.12\\Scripts\\python.exe', 'C:\\UniLu\\Spaider\\sagan\\sagan_smolagents\\sagan_smolagents\\sagan_workflow\\spaider_agent_temp\\app.py', '--project-id', 'project_20250217_213236_487243']' returned non-zero exit status 1.
2025-02-17 22:42:54,326 - INFO - Starting SAGAN Project Manager
2025-02-17 22:42:54,326 - DEBUG - Project initialized with config: <module 'config' from 'C:\\UniLu\\Spaider\\sagan\\sagan_smolagents\\sagan_smolagents\\config.py'>
2025-02-17 22:42:55,709 - DEBUG - Searching for projects in: C:\UniLu\Spaider\sagan\sagan_smolagents\sagan_smolagents\projects
2025-02-17 22:42:55,725 - DEBUG - Checking state file: C:\UniLu\Spaider\sagan\sagan_smolagents\sagan_smolagents\projects\project_20250217_040517_801166\state.json
2025-02-17 22:42:55,725 - DEBUG - Loaded project: tomato (project_20250217_040517_801166)
2025-02-17 22:42:55,725 - DEBUG - Checking state file: C:\UniLu\Spaider\sagan\sagan_smolagents\sagan_smolagents\projects\project_20250217_213236_487243\state.json
2025-02-17 22:42:55,725 - DEBUG - Loaded project: owl (project_20250217_213236_487243)
2025-02-17 22:42:55,725 - DEBUG - Found 2 projects
2025-02-17 22:42:55,725 - DEBUG - Showing project menu
2025-02-17 22:42:57,931 - INFO - Running workflow1 for project project_20250217_213236_487243
2025-02-17 22:43:22,603 - ERROR - Failed to run workflow workflow1: Command '['C:\\Users\\sumit\\AppData\\Local\\pypoetry\\Cache\\virtualenvs\\sagan-smolagents-IrcAoJsT-py3.12\\Scripts\\python.exe', 'C:\\UniLu\\Spaider\\sagan\\sagan_smolagents\\sagan_smolagents\\sagan_workflow\\spaider_agent_temp\\app.py', '--project-id', 'project_20250217_213236_487243']' returned non-zero exit status 1.
2025-02-17 22:43:22,603 - ERROR - Application error: Command '['C:\\Users\\sumit\\AppData\\Local\\pypoetry\\Cache\\virtualenvs\\sagan-smolagents-IrcAoJsT-py3.12\\Scripts\\python.exe', 'C:\\UniLu\\Spaider\\sagan\\sagan_smolagents\\sagan_smolagents\\sagan_workflow\\spaider_agent_temp\\app.py', '--project-id', 'project_20250217_213236_487243']' returned non-zero exit status 1.
2025-02-17 22:47:18,434 - INFO - Starting SAGAN Project Manager
2025-02-17 22:47:18,437 - DEBUG - Project initialized with config: <module 'config' from 'C:\\UniLu\\Spaider\\sagan\\sagan_smolagents\\sagan_smolagents\\config.py'>
2025-02-17 22:47:21,882 - DEBUG - Searching for projects in: C:\UniLu\Spaider\sagan\sagan_smolagents\sagan_smolagents\projects
2025-02-17 22:47:21,882 - DEBUG - Checking state file: C:\UniLu\Spaider\sagan\sagan_smolagents\sagan_smolagents\projects\project_20250217_040517_801166\state.json
2025-02-17 22:47:21,882 - DEBUG - Loaded project: tomato (project_20250217_040517_801166)
2025-02-17 22:47:21,882 - DEBUG - Checking state file: C:\UniLu\Spaider\sagan\sagan_smolagents\sagan_smolagents\projects\project_20250217_213236_487243\state.json
2025-02-17 22:47:21,882 - DEBUG - Loaded project: owl (project_20250217_213236_487243)
2025-02-17 22:47:21,882 - DEBUG - Found 2 projects
2025-02-17 22:47:21,882 - DEBUG - Showing project menu
2025-02-17 22:47:23,516 - INFO - Running workflow1 for project project_20250217_213236_487243
2025-02-17 22:47:57,548 - ERROR - Failed to run workflow workflow1: Command '['C:\\Users\\sumit\\AppData\\Local\\pypoetry\\Cache\\virtualenvs\\sagan-smolagents-IrcAoJsT-py3.12\\Scripts\\python.exe', 'C:\\UniLu\\Spaider\\sagan\\sagan_smolagents\\sagan_smolagents\\sagan_workflow\\spaider_agent_temp\\app.py', '--project-id', 'project_20250217_213236_487243']' returned non-zero exit status 1.
2025-02-17 22:47:57,548 - ERROR - Application error: Command '['C:\\Users\\sumit\\AppData\\Local\\pypoetry\\Cache\\virtualenvs\\sagan-smolagents-IrcAoJsT-py3.12\\Scripts\\python.exe', 'C:\\UniLu\\Spaider\\sagan\\sagan_smolagents\\sagan_smolagents\\sagan_workflow\\spaider_agent_temp\\app.py', '--project-id', 'project_20250217_213236_487243']' returned non-zero exit status 1.
2025-02-17 22:56:03,906 - INFO - Starting SAGAN Project Manager
2025-02-17 22:56:03,906 - DEBUG - Project initialized with config: <module 'config' from 'C:\\UniLu\\Spaider\\sagan\\sagan_smolagents\\sagan_smolagents\\config.py'>
2025-02-17 22:56:05,544 - DEBUG - Searching for projects in: C:\UniLu\Spaider\sagan\sagan_smolagents\sagan_smolagents\projects
2025-02-17 22:56:05,544 - DEBUG - Checking state file: C:\UniLu\Spaider\sagan\sagan_smolagents\sagan_smolagents\projects\project_20250217_040517_801166\state.json
2025-02-17 22:56:05,544 - DEBUG - Loaded project: tomato (project_20250217_040517_801166)
2025-02-17 22:56:05,544 - DEBUG - Checking state file: C:\UniLu\Spaider\sagan\sagan_smolagents\sagan_smolagents\projects\project_20250217_213236_487243\state.json
2025-02-17 22:56:05,544 - DEBUG - Loaded project: owl (project_20250217_213236_487243)
2025-02-17 22:56:05,544 - DEBUG - Found 2 projects
2025-02-17 22:56:05,544 - DEBUG - Showing project menu
2025-02-17 22:56:07,943 - INFO - Running workflow1 for project project_20250217_213236_487243
2025-02-17 22:56:44,272 - ERROR - Failed to run workflow workflow1: Command '['C:\\Users\\sumit\\AppData\\Local\\pypoetry\\Cache\\virtualenvs\\sagan-smolagents-IrcAoJsT-py3.12\\Scripts\\python.exe', 'C:\\UniLu\\Spaider\\sagan\\sagan_smolagents\\sagan_smolagents\\sagan_workflow\\spaider_agent_temp\\app.py', '--project-id', 'project_20250217_213236_487243']' returned non-zero exit status 1.
2025-02-17 22:56:44,276 - ERROR - Application error: Command '['C:\\Users\\sumit\\AppData\\Local\\pypoetry\\Cache\\virtualenvs\\sagan-smolagents-IrcAoJsT-py3.12\\Scripts\\python.exe', 'C:\\UniLu\\Spaider\\sagan\\sagan_smolagents\\sagan_smolagents\\sagan_workflow\\spaider_agent_temp\\app.py', '--project-id', 'project_20250217_213236_487243']' returned non-zero exit status 1.
2025-02-17 22:59:43,436 - INFO - Starting SAGAN Project Manager
2025-02-17 22:59:43,436 - DEBUG - Project initialized with config: <module 'config' from 'C:\\UniLu\\Spaider\\sagan\\sagan_smolagents\\sagan_smolagents\\config.py'>
2025-02-17 22:59:50,636 - DEBUG - Searching for projects in: C:\UniLu\Spaider\sagan\sagan_smolagents\sagan_smolagents\projects
2025-02-17 22:59:50,638 - DEBUG - Checking state file: C:\UniLu\Spaider\sagan\sagan_smolagents\sagan_smolagents\projects\project_20250217_040517_801166\state.json
2025-02-17 22:59:50,638 - DEBUG - Loaded project: tomato (project_20250217_040517_801166)
2025-02-17 22:59:50,638 - DEBUG - Checking state file: C:\UniLu\Spaider\sagan\sagan_smolagents\sagan_smolagents\projects\project_20250217_213236_487243\state.json
2025-02-17 22:59:50,638 - DEBUG - Loaded project: owl (project_20250217_213236_487243)
2025-02-17 22:59:50,638 - DEBUG - Found 2 projects
2025-02-17 22:59:50,638 - DEBUG - Showing project menu
2025-02-17 22:59:52,061 - INFO - Running workflow1 for project project_20250217_213236_487243
2025-02-17 23:00:04,776 - ERROR - Failed to run workflow workflow1: Command '['C:\\Users\\sumit\\AppData\\Local\\pypoetry\\Cache\\virtualenvs\\sagan-smolagents-IrcAoJsT-py3.12\\Scripts\\python.exe', 'C:\\UniLu\\Spaider\\sagan\\sagan_smolagents\\sagan_smolagents\\sagan_workflow\\spaider_agent_temp\\app.py', '--project-id', 'project_20250217_213236_487243']' returned non-zero exit status 1.
2025-02-17 23:00:04,776 - ERROR - Application error: Command '['C:\\Users\\sumit\\AppData\\Local\\pypoetry\\Cache\\virtualenvs\\sagan-smolagents-IrcAoJsT-py3.12\\Scripts\\python.exe', 'C:\\UniLu\\Spaider\\sagan\\sagan_smolagents\\sagan_smolagents\\sagan_workflow\\spaider_agent_temp\\app.py', '--project-id', 'project_20250217_213236_487243']' returned non-zero exit status 1.
2025-02-17 23:03:05,521 - INFO - Starting SAGAN Project Manager
2025-02-17 23:03:05,521 - DEBUG - Project initialized with config: <module 'config' from 'C:\\UniLu\\Spaider\\sagan\\sagan_smolagents\\sagan_smolagents\\config.py'>
2025-02-17 23:03:07,701 - DEBUG - Searching for projects in: C:\UniLu\Spaider\sagan\sagan_smolagents\sagan_smolagents\projects
2025-02-17 23:03:07,701 - DEBUG - Checking state file: C:\UniLu\Spaider\sagan\sagan_smolagents\sagan_smolagents\projects\project_20250217_040517_801166\state.json
2025-02-17 23:03:07,701 - DEBUG - Loaded project: tomato (project_20250217_040517_801166)
2025-02-17 23:03:07,701 - DEBUG - Checking state file: C:\UniLu\Spaider\sagan\sagan_smolagents\sagan_smolagents\projects\project_20250217_213236_487243\state.json
2025-02-17 23:03:07,701 - DEBUG - Loaded project: owl (project_20250217_213236_487243)
2025-02-17 23:03:07,701 - DEBUG - Found 2 projects
2025-02-17 23:03:07,701 - DEBUG - Showing project menu
2025-02-17 23:03:09,718 - INFO - Running workflow1 for project project_20250217_213236_487243
2025-02-17 23:03:23,027 - ERROR - Failed to run workflow workflow1: Command '['C:\\Users\\sumit\\AppData\\Local\\pypoetry\\Cache\\virtualenvs\\sagan-smolagents-IrcAoJsT-py3.12\\Scripts\\python.exe', 'C:\\UniLu\\Spaider\\sagan\\sagan_smolagents\\sagan_smolagents\\sagan_workflow\\spaider_agent_temp\\app.py', '--project-id', 'project_20250217_213236_487243']' returned non-zero exit status 1.
2025-02-17 23:03:23,027 - ERROR - Application error: Command '['C:\\Users\\sumit\\AppData\\Local\\pypoetry\\Cache\\virtualenvs\\sagan-smolagents-IrcAoJsT-py3.12\\Scripts\\python.exe', 'C:\\UniLu\\Spaider\\sagan\\sagan_smolagents\\sagan_smolagents\\sagan_workflow\\spaider_agent_temp\\app.py', '--project-id', 'project_20250217_213236_487243']' returned non-zero exit status 1.
2025-02-17 23:04:10,531 - INFO - Starting SAGAN Project Manager
2025-02-17 23:04:10,531 - DEBUG - Project initialized with config: <module 'config' from 'C:\\UniLu\\Spaider\\sagan\\sagan_smolagents\\sagan_smolagents\\config.py'>
2025-02-17 23:04:12,062 - DEBUG - Searching for projects in: C:\UniLu\Spaider\sagan\sagan_smolagents\sagan_smolagents\projects
2025-02-17 23:04:12,062 - DEBUG - Checking state file: C:\UniLu\Spaider\sagan\sagan_smolagents\sagan_smolagents\projects\project_20250217_040517_801166\state.json
2025-02-17 23:04:12,062 - DEBUG - Loaded project: tomato (project_20250217_040517_801166)
2025-02-17 23:04:12,062 - DEBUG - Checking state file: C:\UniLu\Spaider\sagan\sagan_smolagents\sagan_smolagents\projects\project_20250217_213236_487243\state.json
2025-02-17 23:04:12,062 - DEBUG - Loaded project: owl (project_20250217_213236_487243)
2025-02-17 23:04:12,062 - DEBUG - Found 2 projects
2025-02-17 23:04:12,062 - DEBUG - Showing project menu
2025-02-17 23:04:13,743 - INFO - Running workflow1 for project project_20250217_213236_487243
2025-02-17 23:04:25,367 - ERROR - Failed to run workflow workflow1: Command '['C:\\Users\\sumit\\AppData\\Local\\pypoetry\\Cache\\virtualenvs\\sagan-smolagents-IrcAoJsT-py3.12\\Scripts\\python.exe', 'C:\\UniLu\\Spaider\\sagan\\sagan_smolagents\\sagan_smolagents\\sagan_workflow\\spaider_agent_temp\\app.py', '--project-id', 'project_20250217_213236_487243']' returned non-zero exit status 1.
2025-02-17 23:04:25,367 - ERROR - Application error: Command '['C:\\Users\\sumit\\AppData\\Local\\pypoetry\\Cache\\virtualenvs\\sagan-smolagents-IrcAoJsT-py3.12\\Scripts\\python.exe', 'C:\\UniLu\\Spaider\\sagan\\sagan_smolagents\\sagan_smolagents\\sagan_workflow\\spaider_agent_temp\\app.py', '--project-id', 'project_20250217_213236_487243']' returned non-zero exit status 1.
2025-02-17 23:15:57,155 - INFO - Starting SAGAN Project Manager
2025-02-17 23:15:57,155 - DEBUG - Project initialized with config: <module 'config' from 'C:\\UniLu\\Spaider\\sagan\\sagan_smolagents\\sagan_smolagents\\config.py'>
2025-02-17 23:15:58,285 - DEBUG - Searching for projects in: C:\UniLu\Spaider\sagan\sagan_smolagents\sagan_smolagents\projects
2025-02-17 23:15:58,285 - DEBUG - Checking state file: C:\UniLu\Spaider\sagan\sagan_smolagents\sagan_smolagents\projects\project_20250217_040517_801166\state.json
2025-02-17 23:15:58,285 - DEBUG - Loaded project: tomato (project_20250217_040517_801166)
2025-02-17 23:15:58,285 - DEBUG - Checking state file: C:\UniLu\Spaider\sagan\sagan_smolagents\sagan_smolagents\projects\project_20250217_213236_487243\state.json
2025-02-17 23:15:58,285 - DEBUG - Loaded project: owl (project_20250217_213236_487243)
2025-02-17 23:15:58,285 - DEBUG - Found 2 projects
2025-02-17 23:15:58,285 - DEBUG - Showing project menu
2025-02-17 23:16:00,544 - INFO - Running workflow1 for project project_20250217_213236_487243
2025-02-17 23:20:08,985 - ERROR - Failed to run workflow workflow1: Command '['C:\\Users\\sumit\\AppData\\Local\\pypoetry\\Cache\\virtualenvs\\sagan-smolagents-IrcAoJsT-py3.12\\Scripts\\python.exe', 'C:\\UniLu\\Spaider\\sagan\\sagan_smolagents\\sagan_smolagents\\sagan_workflow\\spaider_agent_temp\\app.py', '--project-id', 'project_20250217_213236_487243']' returned non-zero exit status 1.
2025-02-17 23:20:08,985 - ERROR - Application error: Command '['C:\\Users\\sumit\\AppData\\Local\\pypoetry\\Cache\\virtualenvs\\sagan-smolagents-IrcAoJsT-py3.12\\Scripts\\python.exe', 'C:\\UniLu\\Spaider\\sagan\\sagan_smolagents\\sagan_smolagents\\sagan_workflow\\spaider_agent_temp\\app.py', '--project-id', 'project_20250217_213236_487243']' returned non-zero exit status 1.
2025-02-17 23:30:28,706 - INFO - Starting SAGAN Project Manager
2025-02-17 23:30:28,706 - DEBUG - Project initialized with config: <module 'config' from 'C:\\UniLu\\Spaider\\sagan\\sagan_smolagents\\sagan_smolagents\\config.py'>
2025-02-17 23:30:30,085 - DEBUG - Searching for projects in: C:\UniLu\Spaider\sagan\sagan_smolagents\sagan_smolagents\projects
2025-02-17 23:30:30,085 - DEBUG - Checking state file: C:\UniLu\Spaider\sagan\sagan_smolagents\sagan_smolagents\projects\project_20250217_040517_801166\state.json
2025-02-17 23:30:30,085 - DEBUG - Loaded project: tomato (project_20250217_040517_801166)
2025-02-17 23:30:30,085 - DEBUG - Checking state file: C:\UniLu\Spaider\sagan\sagan_smolagents\sagan_smolagents\projects\project_20250217_213236_487243\state.json
2025-02-17 23:30:30,085 - DEBUG - Loaded project: owl (project_20250217_213236_487243)
2025-02-17 23:30:30,100 - DEBUG - Found 2 projects
2025-02-17 23:30:30,100 - DEBUG - Showing project menu
2025-02-17 23:30:32,244 - INFO - Running workflow1 for project project_20250217_213236_487243
2025-02-17 23:32:13,674 - ERROR - Failed to run workflow workflow1: Command '['C:\\Users\\sumit\\AppData\\Local\\pypoetry\\Cache\\virtualenvs\\sagan-smolagents-IrcAoJsT-py3.12\\Scripts\\python.exe', 'C:\\UniLu\\Spaider\\sagan\\sagan_smolagents\\sagan_smolagents\\sagan_workflow\\spaider_agent_temp\\app.py', '--project-id', 'project_20250217_213236_487243']' returned non-zero exit status 1.
2025-02-17 23:32:13,674 - ERROR - Application error: Command '['C:\\Users\\sumit\\AppData\\Local\\pypoetry\\Cache\\virtualenvs\\sagan-smolagents-IrcAoJsT-py3.12\\Scripts\\python.exe', 'C:\\UniLu\\Spaider\\sagan\\sagan_smolagents\\sagan_smolagents\\sagan_workflow\\spaider_agent_temp\\app.py', '--project-id', 'project_20250217_213236_487243']' returned non-zero exit status 1.
2025-02-17 23:42:53,443 - INFO - Starting SAGAN Project Manager
2025-02-17 23:42:53,444 - DEBUG - Project initialized with config: <module 'config' from 'C:\\UniLu\\Spaider\\sagan\\sagan_smolagents\\sagan_smolagents\\config.py'>
2025-02-17 23:43:00,395 - DEBUG - Searching for projects in: C:\UniLu\Spaider\sagan\sagan_smolagents\sagan_smolagents\projects
2025-02-17 23:43:00,395 - DEBUG - Checking state file: C:\UniLu\Spaider\sagan\sagan_smolagents\sagan_smolagents\projects\project_20250217_040517_801166\state.json
2025-02-17 23:43:00,395 - DEBUG - Loaded project: tomato (project_20250217_040517_801166)
2025-02-17 23:43:00,395 - DEBUG - Checking state file: C:\UniLu\Spaider\sagan\sagan_smolagents\sagan_smolagents\projects\project_20250217_213236_487243\state.json
2025-02-17 23:43:00,395 - DEBUG - Loaded project: owl (project_20250217_213236_487243)
2025-02-17 23:43:00,395 - DEBUG - Found 2 projects
2025-02-17 23:43:00,395 - DEBUG - Showing project menu
2025-02-17 23:43:03,943 - INFO - Running workflow1 for project project_20250217_213236_487243
2025-02-17 23:44:37,353 - ERROR - Failed to run workflow workflow1: Command '['C:\\Users\\sumit\\AppData\\Local\\pypoetry\\Cache\\virtualenvs\\sagan-smolagents-IrcAoJsT-py3.12\\Scripts\\python.exe', 'C:\\UniLu\\Spaider\\sagan\\sagan_smolagents\\sagan_smolagents\\sagan_workflow\\spaider_agent_temp\\app.py', '--project-id', 'project_20250217_213236_487243']' returned non-zero exit status 1.
2025-02-17 23:44:37,353 - ERROR - Application error: Command '['C:\\Users\\sumit\\AppData\\Local\\pypoetry\\Cache\\virtualenvs\\sagan-smolagents-IrcAoJsT-py3.12\\Scripts\\python.exe', 'C:\\UniLu\\Spaider\\sagan\\sagan_smolagents\\sagan_smolagents\\sagan_workflow\\spaider_agent_temp\\app.py', '--project-id', 'project_20250217_213236_487243']' returned non-zero exit status 1.
2025-02-17 23:50:11,343 - INFO - Starting SAGAN Project Manager
2025-02-17 23:50:11,344 - DEBUG - Project initialized with config: <module 'config' from 'C:\\UniLu\\Spaider\\sagan\\sagan_smolagents\\sagan_smolagents\\config.py'>
2025-02-17 23:50:12,272 - DEBUG - Searching for projects in: C:\UniLu\Spaider\sagan\sagan_smolagents\sagan_smolagents\projects
2025-02-17 23:50:12,272 - DEBUG - Checking state file: C:\UniLu\Spaider\sagan\sagan_smolagents\sagan_smolagents\projects\project_20250217_040517_801166\state.json
2025-02-17 23:50:12,272 - DEBUG - Loaded project: tomato (project_20250217_040517_801166)
2025-02-17 23:50:12,272 - DEBUG - Checking state file: C:\UniLu\Spaider\sagan\sagan_smolagents\sagan_smolagents\projects\project_20250217_213236_487243\state.json
2025-02-17 23:50:12,272 - DEBUG - Loaded project: owl (project_20250217_213236_487243)
2025-02-17 23:50:12,272 - DEBUG - Found 2 projects
2025-02-17 23:50:12,272 - DEBUG - Showing project menu
2025-02-17 23:50:14,760 - INFO - Running workflow1 for project project_20250217_213236_487243
2025-02-17 23:55:34,717 - ERROR - Failed to run workflow workflow1: Command '['C:\\Users\\sumit\\AppData\\Local\\pypoetry\\Cache\\virtualenvs\\sagan-smolagents-IrcAoJsT-py3.12\\Scripts\\python.exe', 'C:\\UniLu\\Spaider\\sagan\\sagan_smolagents\\sagan_smolagents\\sagan_workflow\\spaider_agent_temp\\app.py', '--project-id', 'project_20250217_213236_487243']' returned non-zero exit status 1.
2025-02-17 23:55:34,717 - ERROR - Application error: Command '['C:\\Users\\sumit\\AppData\\Local\\pypoetry\\Cache\\virtualenvs\\sagan-smolagents-IrcAoJsT-py3.12\\Scripts\\python.exe', 'C:\\UniLu\\Spaider\\sagan\\sagan_smolagents\\sagan_smolagents\\sagan_workflow\\spaider_agent_temp\\app.py', '--project-id', 'project_20250217_213236_487243']' returned non-zero exit status 1.
2025-02-18 00:28:41,448 - INFO - Starting SAGAN Project Manager
2025-02-18 00:28:41,449 - DEBUG - Project initialized with config: <module 'config' from 'C:\\UniLu\\Spaider\\sagan\\sagan_smolagents\\sagan_smolagents\\config.py'>
2025-02-18 00:28:48,337 - DEBUG - Searching for projects in: C:\UniLu\Spaider\sagan\sagan_smolagents\sagan_smolagents\projects
2025-02-18 00:28:48,337 - DEBUG - Checking state file: C:\UniLu\Spaider\sagan\sagan_smolagents\sagan_smolagents\projects\project_20250217_040517_801166\state.json
2025-02-18 00:28:48,349 - DEBUG - Loaded project: tomato (project_20250217_040517_801166)
2025-02-18 00:28:48,349 - DEBUG - Checking state file: C:\UniLu\Spaider\sagan\sagan_smolagents\sagan_smolagents\projects\project_20250217_213236_487243\state.json
2025-02-18 00:28:48,349 - DEBUG - Loaded project: owl (project_20250217_213236_487243)
2025-02-18 00:28:48,349 - DEBUG - Found 2 projects
2025-02-18 00:28:48,349 - DEBUG - Showing project menu
2025-02-18 00:28:50,257 - INFO - Running workflow1 for project project_20250217_213236_487243
2025-02-18 00:30:23,965 - ERROR - Failed to run workflow workflow1: Command '['C:\\Users\\sumit\\AppData\\Local\\pypoetry\\Cache\\virtualenvs\\sagan-smolagents-IrcAoJsT-py3.12\\Scripts\\python.exe', 'C:\\UniLu\\Spaider\\sagan\\sagan_smolagents\\sagan_smolagents\\sagan_workflow\\spaider_agent_temp\\app.py', '--project-id', 'project_20250217_213236_487243']' returned non-zero exit status 1.
2025-02-18 00:30:23,965 - ERROR - Application error: Command '['C:\\Users\\sumit\\AppData\\Local\\pypoetry\\Cache\\virtualenvs\\sagan-smolagents-IrcAoJsT-py3.12\\Scripts\\python.exe', 'C:\\UniLu\\Spaider\\sagan\\sagan_smolagents\\sagan_smolagents\\sagan_workflow\\spaider_agent_temp\\app.py', '--project-id', 'project_20250217_213236_487243']' returned non-zero exit status 1.
2025-02-18 00:31:15,685 - INFO - Starting SAGAN Project Manager
2025-02-18 00:31:15,685 - DEBUG - Project initialized with config: <module 'config' from 'C:\\UniLu\\Spaider\\sagan\\sagan_smolagents\\sagan_smolagents\\config.py'>
2025-02-18 00:31:17,671 - DEBUG - Searching for projects in: C:\UniLu\Spaider\sagan\sagan_smolagents\sagan_smolagents\projects
2025-02-18 00:31:17,671 - DEBUG - Checking state file: C:\UniLu\Spaider\sagan\sagan_smolagents\sagan_smolagents\projects\project_20250217_040517_801166\state.json
2025-02-18 00:31:17,671 - DEBUG - Loaded project: tomato (project_20250217_040517_801166)
2025-02-18 00:31:17,671 - DEBUG - Checking state file: C:\UniLu\Spaider\sagan\sagan_smolagents\sagan_smolagents\projects\project_20250217_213236_487243\state.json
2025-02-18 00:31:17,671 - DEBUG - Loaded project: owl (project_20250217_213236_487243)
2025-02-18 00:31:17,671 - DEBUG - Found 2 projects
2025-02-18 00:31:17,671 - DEBUG - Showing project menu
2025-02-18 00:31:19,911 - INFO - Running workflow1 for project project_20250217_213236_487243
2025-02-18 00:31:36,155 - ERROR - Failed to run workflow workflow1: Command '['C:\\Users\\sumit\\AppData\\Local\\pypoetry\\Cache\\virtualenvs\\sagan-smolagents-IrcAoJsT-py3.12\\Scripts\\python.exe', 'C:\\UniLu\\Spaider\\sagan\\sagan_smolagents\\sagan_smolagents\\sagan_workflow\\spaider_agent_temp\\app.py', '--project-id', 'project_20250217_213236_487243']' returned non-zero exit status 1.
2025-02-18 00:31:36,155 - ERROR - Application error: Command '['C:\\Users\\sumit\\AppData\\Local\\pypoetry\\Cache\\virtualenvs\\sagan-smolagents-IrcAoJsT-py3.12\\Scripts\\python.exe', 'C:\\UniLu\\Spaider\\sagan\\sagan_smolagents\\sagan_smolagents\\sagan_workflow\\spaider_agent_temp\\app.py', '--project-id', 'project_20250217_213236_487243']' returned non-zero exit status 1.
2025-02-18 00:32:15,881 - INFO - Starting SAGAN Project Manager
2025-02-18 00:32:15,881 - DEBUG - Project initialized with config: <module 'config' from 'C:\\UniLu\\Spaider\\sagan\\sagan_smolagents\\sagan_smolagents\\config.py'>
2025-02-18 00:32:21,834 - DEBUG - Searching for projects in: C:\UniLu\Spaider\sagan\sagan_smolagents\sagan_smolagents\projects
2025-02-18 00:32:21,834 - DEBUG - Checking state file: C:\UniLu\Spaider\sagan\sagan_smolagents\sagan_smolagents\projects\project_20250217_040517_801166\state.json
2025-02-18 00:32:21,836 - DEBUG - Loaded project: tomato (project_20250217_040517_801166)
2025-02-18 00:32:21,836 - DEBUG - Checking state file: C:\UniLu\Spaider\sagan\sagan_smolagents\sagan_smolagents\projects\project_20250217_213236_487243\state.json
2025-02-18 00:32:21,836 - DEBUG - Loaded project: owl (project_20250217_213236_487243)
2025-02-18 00:32:21,836 - DEBUG - Found 2 projects
2025-02-18 00:32:21,836 - DEBUG - Showing project menu
2025-02-18 00:32:24,280 - INFO - Running workflow1 for project project_20250217_213236_487243
2025-02-18 00:32:40,128 - ERROR - Failed to run workflow workflow1: Command '['C:\\Users\\sumit\\AppData\\Local\\pypoetry\\Cache\\virtualenvs\\sagan-smolagents-IrcAoJsT-py3.12\\Scripts\\python.exe', 'C:\\UniLu\\Spaider\\sagan\\sagan_smolagents\\sagan_smolagents\\sagan_workflow\\spaider_agent_temp\\app.py', '--project-id', 'project_20250217_213236_487243']' returned non-zero exit status 1.
2025-02-18 00:32:40,128 - ERROR - Application error: Command '['C:\\Users\\sumit\\AppData\\Local\\pypoetry\\Cache\\virtualenvs\\sagan-smolagents-IrcAoJsT-py3.12\\Scripts\\python.exe', 'C:\\UniLu\\Spaider\\sagan\\sagan_smolagents\\sagan_smolagents\\sagan_workflow\\spaider_agent_temp\\app.py', '--project-id', 'project_20250217_213236_487243']' returned non-zero exit status 1.
2025-02-18 00:37:04,439 - INFO - Starting SAGAN Project Manager
2025-02-18 00:37:04,439 - DEBUG - Project initialized with config: <module 'config' from 'C:\\UniLu\\Spaider\\sagan\\sagan_smolagents\\sagan_smolagents\\config.py'>
2025-02-18 00:37:05,709 - DEBUG - Searching for projects in: C:\UniLu\Spaider\sagan\sagan_smolagents\sagan_smolagents\projects
2025-02-18 00:37:05,709 - DEBUG - Checking state file: C:\UniLu\Spaider\sagan\sagan_smolagents\sagan_smolagents\projects\project_20250217_040517_801166\state.json
2025-02-18 00:37:05,709 - DEBUG - Loaded project: tomato (project_20250217_040517_801166)
2025-02-18 00:37:05,709 - DEBUG - Checking state file: C:\UniLu\Spaider\sagan\sagan_smolagents\sagan_smolagents\projects\project_20250217_213236_487243\state.json
2025-02-18 00:37:05,709 - DEBUG - Loaded project: owl (project_20250217_213236_487243)
2025-02-18 00:37:05,709 - DEBUG - Found 2 projects
2025-02-18 00:37:05,709 - DEBUG - Showing project menu
2025-02-18 00:37:08,004 - INFO - Running workflow1 for project project_20250217_213236_487243
2025-02-18 00:37:30,199 - ERROR - Failed to run workflow workflow1: Command '['C:\\Users\\sumit\\AppData\\Local\\pypoetry\\Cache\\virtualenvs\\sagan-smolagents-IrcAoJsT-py3.12\\Scripts\\python.exe', 'C:\\UniLu\\Spaider\\sagan\\sagan_smolagents\\sagan_smolagents\\sagan_workflow\\spaider_agent_temp\\app.py', '--project-id', 'project_20250217_213236_487243']' returned non-zero exit status 1.
2025-02-18 00:37:30,199 - ERROR - Application error: Command '['C:\\Users\\sumit\\AppData\\Local\\pypoetry\\Cache\\virtualenvs\\sagan-smolagents-IrcAoJsT-py3.12\\Scripts\\python.exe', 'C:\\UniLu\\Spaider\\sagan\\sagan_smolagents\\sagan_smolagents\\sagan_workflow\\spaider_agent_temp\\app.py', '--project-id', 'project_20250217_213236_487243']' returned non-zero exit status 1.
2025-02-18 00:44:07,282 - INFO - Starting SAGAN Project Manager
2025-02-18 00:44:07,282 - DEBUG - Project initialized with config: <module 'config' from 'C:\\UniLu\\Spaider\\sagan\\sagan_smolagents\\sagan_smolagents\\config.py'>
2025-02-18 00:44:08,788 - DEBUG - Searching for projects in: C:\UniLu\Spaider\sagan\sagan_smolagents\sagan_smolagents\projects
2025-02-18 00:44:08,788 - DEBUG - Checking state file: C:\UniLu\Spaider\sagan\sagan_smolagents\sagan_smolagents\projects\project_20250217_040517_801166\state.json
2025-02-18 00:44:08,788 - DEBUG - Loaded project: tomato (project_20250217_040517_801166)
2025-02-18 00:44:08,788 - DEBUG - Checking state file: C:\UniLu\Spaider\sagan\sagan_smolagents\sagan_smolagents\projects\project_20250217_213236_487243\state.json
2025-02-18 00:44:08,788 - DEBUG - Loaded project: owl (project_20250217_213236_487243)
2025-02-18 00:44:08,788 - DEBUG - Found 2 projects
2025-02-18 00:44:08,788 - DEBUG - Showing project menu
2025-02-18 00:44:10,505 - INFO - Running workflow1 for project project_20250217_213236_487243
2025-02-18 00:44:28,829 - ERROR - Failed to run workflow workflow1: Command '['C:\\Users\\sumit\\AppData\\Local\\pypoetry\\Cache\\virtualenvs\\sagan-smolagents-IrcAoJsT-py3.12\\Scripts\\python.exe', 'C:\\UniLu\\Spaider\\sagan\\sagan_smolagents\\sagan_smolagents\\sagan_workflow\\spaider_agent_temp\\app.py', '--project-id', 'project_20250217_213236_487243']' returned non-zero exit status 1.
2025-02-18 00:44:28,829 - ERROR - Application error: Command '['C:\\Users\\sumit\\AppData\\Local\\pypoetry\\Cache\\virtualenvs\\sagan-smolagents-IrcAoJsT-py3.12\\Scripts\\python.exe', 'C:\\UniLu\\Spaider\\sagan\\sagan_smolagents\\sagan_smolagents\\sagan_workflow\\spaider_agent_temp\\app.py', '--project-id', 'project_20250217_213236_487243']' returned non-zero exit status 1.
2025-02-18 00:50:26,289 - INFO - Starting SAGAN Project Manager
2025-02-18 00:50:26,289 - DEBUG - Project initialized with config: <module 'config' from 'C:\\UniLu\\Spaider\\sagan\\sagan_smolagents\\sagan_smolagents\\config.py'>
2025-02-18 00:50:27,224 - DEBUG - Searching for projects in: C:\UniLu\Spaider\sagan\sagan_smolagents\sagan_smolagents\projects
2025-02-18 00:50:27,224 - DEBUG - Checking state file: C:\UniLu\Spaider\sagan\sagan_smolagents\sagan_smolagents\projects\project_20250217_040517_801166\state.json
2025-02-18 00:50:27,224 - DEBUG - Loaded project: tomato (project_20250217_040517_801166)
2025-02-18 00:50:27,224 - DEBUG - Checking state file: C:\UniLu\Spaider\sagan\sagan_smolagents\sagan_smolagents\projects\project_20250217_213236_487243\state.json
2025-02-18 00:50:27,224 - DEBUG - Loaded project: owl (project_20250217_213236_487243)
2025-02-18 00:50:27,224 - DEBUG - Found 2 projects
2025-02-18 00:50:27,224 - DEBUG - Showing project menu
2025-02-18 00:50:28,924 - INFO - Running workflow1 for project project_20250217_213236_487243
2025-02-18 00:52:15,506 - ERROR - Failed to run workflow workflow1: Command '['C:\\Users\\sumit\\AppData\\Local\\pypoetry\\Cache\\virtualenvs\\sagan-smolagents-IrcAoJsT-py3.12\\Scripts\\python.exe', 'C:\\UniLu\\Spaider\\sagan\\sagan_smolagents\\sagan_smolagents\\sagan_workflow\\spaider_agent_temp\\app.py', '--project-id', 'project_20250217_213236_487243']' returned non-zero exit status 1.
2025-02-18 00:52:15,506 - ERROR - Application error: Command '['C:\\Users\\sumit\\AppData\\Local\\pypoetry\\Cache\\virtualenvs\\sagan-smolagents-IrcAoJsT-py3.12\\Scripts\\python.exe', 'C:\\UniLu\\Spaider\\sagan\\sagan_smolagents\\sagan_smolagents\\sagan_workflow\\spaider_agent_temp\\app.py', '--project-id', 'project_20250217_213236_487243']' returned non-zero exit status 1.
2025-02-18 00:55:06,904 - INFO - Starting SAGAN Project Manager
2025-02-18 00:55:06,904 - DEBUG - Project initialized with config: <module 'config' from 'C:\\UniLu\\Spaider\\sagan\\sagan_smolagents\\sagan_smolagents\\config.py'>
2025-02-18 00:55:09,510 - DEBUG - Searching for projects in: C:\UniLu\Spaider\sagan\sagan_smolagents\sagan_smolagents\projects
2025-02-18 00:55:09,510 - DEBUG - Checking state file: C:\UniLu\Spaider\sagan\sagan_smolagents\sagan_smolagents\projects\project_20250217_040517_801166\state.json
2025-02-18 00:55:09,510 - DEBUG - Loaded project: tomato (project_20250217_040517_801166)
2025-02-18 00:55:09,510 - DEBUG - Checking state file: C:\UniLu\Spaider\sagan\sagan_smolagents\sagan_smolagents\projects\project_20250217_213236_487243\state.json
2025-02-18 00:55:09,510 - DEBUG - Loaded project: owl (project_20250217_213236_487243)
2025-02-18 00:55:09,510 - DEBUG - Found 2 projects
2025-02-18 00:55:09,510 - DEBUG - Showing project menu
2025-02-18 00:55:11,433 - INFO - Running workflow1 for project project_20250217_213236_487243
2025-02-18 00:55:30,440 - ERROR - Failed to run workflow workflow1: Command '['C:\\Users\\sumit\\AppData\\Local\\pypoetry\\Cache\\virtualenvs\\sagan-smolagents-IrcAoJsT-py3.12\\Scripts\\python.exe', 'C:\\UniLu\\Spaider\\sagan\\sagan_smolagents\\sagan_smolagents\\sagan_workflow\\spaider_agent_temp\\app.py', '--project-id', 'project_20250217_213236_487243']' returned non-zero exit status 1.
2025-02-18 00:55:30,440 - ERROR - Application error: Command '['C:\\Users\\sumit\\AppData\\Local\\pypoetry\\Cache\\virtualenvs\\sagan-smolagents-IrcAoJsT-py3.12\\Scripts\\python.exe', 'C:\\UniLu\\Spaider\\sagan\\sagan_smolagents\\sagan_smolagents\\sagan_workflow\\spaider_agent_temp\\app.py', '--project-id', 'project_20250217_213236_487243']' returned non-zero exit status 1.
2025-02-18 01:07:11,955 - INFO - Starting SAGAN Project Manager
2025-02-18 01:07:11,955 - DEBUG - Project initialized with config: <module 'config' from 'C:\\UniLu\\Spaider\\sagan\\sagan_smolagents\\sagan_smolagents\\config.py'>
2025-02-18 01:07:13,636 - DEBUG - Searching for projects in: C:\UniLu\Spaider\sagan\sagan_smolagents\sagan_smolagents\projects
2025-02-18 01:07:13,636 - DEBUG - Checking state file: C:\UniLu\Spaider\sagan\sagan_smolagents\sagan_smolagents\projects\project_20250217_040517_801166\state.json
2025-02-18 01:07:13,636 - DEBUG - Loaded project: tomato (project_20250217_040517_801166)
2025-02-18 01:07:13,652 - DEBUG - Checking state file: C:\UniLu\Spaider\sagan\sagan_smolagents\sagan_smolagents\projects\project_20250217_213236_487243\state.json
2025-02-18 01:07:13,652 - DEBUG - Loaded project: owl (project_20250217_213236_487243)
2025-02-18 01:07:13,652 - DEBUG - Found 2 projects
2025-02-18 01:07:13,652 - DEBUG - Showing project menu
2025-02-18 01:07:16,050 - INFO - Running workflow1 for project project_20250217_213236_487243
2025-02-18 01:20:22,705 - INFO - Starting SAGAN Project Manager
2025-02-18 01:20:22,705 - DEBUG - Project initialized with config: <module 'config' from 'C:\\UniLu\\Spaider\\sagan\\sagan_smolagents\\sagan_smolagents\\config.py'>
2025-02-18 01:20:35,588 - DEBUG - Searching for projects in: C:\UniLu\Spaider\sagan\sagan_smolagents\sagan_smolagents\projects
2025-02-18 01:20:35,588 - DEBUG - Checking state file: C:\UniLu\Spaider\sagan\sagan_smolagents\sagan_smolagents\projects\project_20250217_040517_801166\state.json
2025-02-18 01:20:35,588 - DEBUG - Loaded project: tomato (project_20250217_040517_801166)
2025-02-18 01:20:35,588 - DEBUG - Checking state file: C:\UniLu\Spaider\sagan\sagan_smolagents\sagan_smolagents\projects\project_20250217_213236_487243\state.json
2025-02-18 01:20:35,588 - DEBUG - Loaded project: owl (project_20250217_213236_487243)
2025-02-18 01:20:35,588 - DEBUG - Found 2 projects
2025-02-18 01:20:35,588 - DEBUG - Showing project menu
2025-02-18 01:20:37,777 - INFO - Running workflow1 for project project_20250217_213236_487243
2025-02-18 01:27:12,922 - INFO - Starting SAGAN Project Manager
2025-02-18 01:27:12,928 - DEBUG - Project initialized with config: <module 'config' from 'C:\\UniLu\\Spaider\\sagan\\sagan_smolagents\\sagan_smolagents\\config.py'>
2025-02-18 01:27:14,430 - DEBUG - Searching for projects in: C:\UniLu\Spaider\sagan\sagan_smolagents\sagan_smolagents\projects
2025-02-18 01:27:14,430 - DEBUG - Checking state file: C:\UniLu\Spaider\sagan\sagan_smolagents\sagan_smolagents\projects\project_20250217_040517_801166\state.json
2025-02-18 01:27:14,430 - DEBUG - Loaded project: tomato (project_20250217_040517_801166)
2025-02-18 01:27:14,430 - DEBUG - Checking state file: C:\UniLu\Spaider\sagan\sagan_smolagents\sagan_smolagents\projects\project_20250217_213236_487243\state.json
2025-02-18 01:27:14,430 - DEBUG - Loaded project: owl (project_20250217_213236_487243)
2025-02-18 01:27:14,430 - DEBUG - Found 2 projects
2025-02-18 01:27:14,430 - DEBUG - Showing project menu
2025-02-18 01:27:16,699 - INFO - Running workflow1 for project project_20250217_213236_487243
2025-02-18 01:33:45,294 - INFO - Starting SAGAN Project Manager
2025-02-18 01:33:45,294 - DEBUG - Project initialized with config: <module 'config' from 'C:\\UniLu\\Spaider\\sagan\\sagan_smolagents\\sagan_smolagents\\config.py'>
2025-02-18 01:33:56,544 - DEBUG - Searching for projects in: C:\UniLu\Spaider\sagan\sagan_smolagents\sagan_smolagents\projects
2025-02-18 01:33:56,544 - DEBUG - Checking state file: C:\UniLu\Spaider\sagan\sagan_smolagents\sagan_smolagents\projects\project_20250217_040517_801166\state.json
2025-02-18 01:33:56,544 - DEBUG - Loaded project: tomato (project_20250217_040517_801166)
2025-02-18 01:33:56,544 - DEBUG - Checking state file: C:\UniLu\Spaider\sagan\sagan_smolagents\sagan_smolagents\projects\project_20250217_213236_487243\state.json
2025-02-18 01:33:56,544 - DEBUG - Loaded project: owl (project_20250217_213236_487243)
2025-02-18 01:33:56,544 - DEBUG - Found 2 projects
2025-02-18 01:33:56,544 - DEBUG - Showing project menu
2025-02-18 01:33:59,108 - INFO - Running workflow1 for project project_20250217_213236_487243
2025-02-18 01:43:51,630 - ERROR - Failed to run workflow workflow1: Command '['C:\\Users\\sumit\\AppData\\Local\\pypoetry\\Cache\\virtualenvs\\sagan-smolagents-IrcAoJsT-py3.12\\Scripts\\python.exe', 'C:\\UniLu\\Spaider\\sagan\\sagan_smolagents\\sagan_smolagents\\sagan_workflow\\spaider_agent_temp\\app.py', '--project-id', 'project_20250217_213236_487243']' returned non-zero exit status 1.
2025-02-18 01:43:51,630 - ERROR - Application error: Command '['C:\\Users\\sumit\\AppData\\Local\\pypoetry\\Cache\\virtualenvs\\sagan-smolagents-IrcAoJsT-py3.12\\Scripts\\python.exe', 'C:\\UniLu\\Spaider\\sagan\\sagan_smolagents\\sagan_smolagents\\sagan_workflow\\spaider_agent_temp\\app.py', '--project-id', 'project_20250217_213236_487243']' returned non-zero exit status 1.
2025-02-18 01:47:58,285 - INFO - Starting SAGAN Project Manager
2025-02-18 01:47:58,285 - DEBUG - Project initialized with config: <module 'config' from 'C:\\UniLu\\Spaider\\sagan\\sagan_smolagents\\sagan_smolagents\\config.py'>
2025-02-18 01:48:17,698 - DEBUG - Created directory: C:\UniLu\Spaider\sagan\sagan_smolagents\sagan_smolagents\projects\project_20250218_014817_698707
2025-02-18 01:48:17,698 - DEBUG - Created directory: C:\UniLu\Spaider\sagan\sagan_smolagents\sagan_smolagents\projects\project_20250218_014817_698707\data
2025-02-18 01:48:17,698 - DEBUG - Created directory: C:\UniLu\Spaider\sagan\sagan_smolagents\sagan_smolagents\projects\project_20250218_014817_698707\vectordb
2025-02-18 01:48:17,698 - DEBUG - Created directory: C:\UniLu\Spaider\sagan\sagan_smolagents\sagan_smolagents\projects\project_20250218_014817_698707\template
2025-02-18 01:48:17,710 - DEBUG - Created directory: C:\UniLu\Spaider\sagan\sagan_smolagents\sagan_smolagents\projects\project_20250218_014817_698707\workflow1_output
2025-02-18 01:48:17,710 - DEBUG - Created directory: C:\UniLu\Spaider\sagan\sagan_smolagents\sagan_smolagents\projects\project_20250218_014817_698707\workflow2_output
2025-02-18 01:48:17,711 - DEBUG - Created directory: C:\UniLu\Spaider\sagan\sagan_smolagents\sagan_smolagents\projects\project_20250218_014817_698707\workflow1_output\nodewise_output
2025-02-18 01:48:17,712 - DEBUG - Created directory: C:\UniLu\Spaider\sagan\sagan_smolagents\sagan_smolagents\projects\project_20250218_014817_698707\workflow1_output\retrieved_images
2025-02-18 01:48:17,714 - DEBUG - Opening file selection dialog: Select input files
2025-02-18 01:48:27,770 - DEBUG - Selected files: [WindowsPath('C:/UniLu/Spaider/sagan/sagan_smolagents/sagan_smolagents/data/$MP-SCI-335-IS-03P.pdf'), WindowsPath('C:/UniLu/Spaider/sagan/sagan_smolagents/sagan_smolagents/data/1-s2.0-S0376042123000763-main.pdf'), WindowsPath('C:/UniLu/Spaider/sagan/sagan_smolagents/sagan_smolagents/data/0812.2635v3.pdf'), WindowsPath('C:/UniLu/Spaider/sagan/sagan_smolagents/sagan_smolagents/data/1111.1138v1.pdf'), WindowsPath('C:/UniLu/Spaider/sagan/sagan_smolagents/sagan_smolagents/data/1305.4842v1.pdf'), WindowsPath('C:/UniLu/Spaider/sagan/sagan_smolagents/sagan_smolagents/data/1612.08733v1.pdf'), WindowsPath('C:/UniLu/Spaider/sagan/sagan_smolagents/sagan_smolagents/data/1701.08201v1.pdf'), WindowsPath('C:/UniLu/Spaider/sagan/sagan_smolagents/sagan_smolagents/data/1703.06930v1.pdf'), WindowsPath('C:/UniLu/Spaider/sagan/sagan_smolagents/sagan_smolagents/data/1705.11022v1.pdf'), WindowsPath('C:/UniLu/Spaider/sagan/sagan_smolagents/sagan_smolagents/data/1811.06526v3.pdf'), WindowsPath('C:/UniLu/Spaider/sagan/sagan_smolagents/sagan_smolagents/data/1812.02948v1.pdf'), WindowsPath('C:/UniLu/Spaider/sagan/sagan_smolagents/sagan_smolagents/data/1902.02095v1.pdf'), WindowsPath('C:/UniLu/Spaider/sagan/sagan_smolagents/sagan_smolagents/data/1902.03180v1.pdf'), WindowsPath('C:/UniLu/Spaider/sagan/sagan_smolagents/sagan_smolagents/data/1907.07989v1.pdf'), WindowsPath('C:/UniLu/Spaider/sagan/sagan_smolagents/sagan_smolagents/data/1910.03014v1.pdf'), WindowsPath('C:/UniLu/Spaider/sagan/sagan_smolagents/sagan_smolagents/data/1911.04449v1.pdf'), WindowsPath('C:/UniLu/Spaider/sagan/sagan_smolagents/sagan_smolagents/data/2002.08881v2.pdf'), WindowsPath('C:/UniLu/Spaider/sagan/sagan_smolagents/sagan_smolagents/data/2006.12497v3.pdf'), WindowsPath('C:/UniLu/Spaider/sagan/sagan_smolagents/sagan_smolagents/data/2018_4_Infantolino.pdf'), WindowsPath('C:/UniLu/Spaider/sagan/sagan_smolagents/sagan_smolagents/data/2106.05659v1.pdf'), WindowsPath('C:/UniLu/Spaider/sagan/sagan_smolagents/sagan_smolagents/data/2108.08876v2.pdf'), WindowsPath('C:/UniLu/Spaider/sagan/sagan_smolagents/sagan_smolagents/data/2110.03101v2.pdf'), WindowsPath('C:/UniLu/Spaider/sagan/sagan_smolagents/sagan_smolagents/data/2204.13251v1.pdf'), WindowsPath('C:/UniLu/Spaider/sagan/sagan_smolagents/sagan_smolagents/data/2204.14152v1.pdf'), WindowsPath('C:/UniLu/Spaider/sagan/sagan_smolagents/sagan_smolagents/data/2208.03378v4.pdf'), WindowsPath('C:/UniLu/Spaider/sagan/sagan_smolagents/sagan_smolagents/data/2210.05518v1.pdf'), WindowsPath('C:/UniLu/Spaider/sagan/sagan_smolagents/sagan_smolagents/data/2210.14980v2.pdf'), WindowsPath('C:/UniLu/Spaider/sagan/sagan_smolagents/sagan_smolagents/data/2212.00350v1.pdf'), WindowsPath('C:/UniLu/Spaider/sagan/sagan_smolagents/sagan_smolagents/data/2212.01390v1.pdf'), WindowsPath('C:/UniLu/Spaider/sagan/sagan_smolagents/sagan_smolagents/data/2301.08744v1.pdf'), WindowsPath('C:/UniLu/Spaider/sagan/sagan_smolagents/sagan_smolagents/data/2301.09056v1.pdf'), WindowsPath('C:/UniLu/Spaider/sagan/sagan_smolagents/sagan_smolagents/data/2301.09059v1.pdf'), WindowsPath('C:/UniLu/Spaider/sagan/sagan_smolagents/sagan_smolagents/data/2302.00824v1.pdf'), WindowsPath('C:/UniLu/Spaider/sagan/sagan_smolagents/sagan_smolagents/data/2302.06918v1.pdf'), WindowsPath('C:/UniLu/Spaider/sagan/sagan_smolagents/sagan_smolagents/data/2303.15872v1.pdf'), WindowsPath('C:/UniLu/Spaider/sagan/sagan_smolagents/sagan_smolagents/data/2305.13078v1.pdf'), WindowsPath('C:/UniLu/Spaider/sagan/sagan_smolagents/sagan_smolagents/data/2309.04934v2.pdf'), WindowsPath('C:/UniLu/Spaider/sagan/sagan_smolagents/sagan_smolagents/data/2310.13831v3.pdf'), WindowsPath('C:/UniLu/Spaider/sagan/sagan_smolagents/sagan_smolagents/data/2310.18966v1.pdf'), WindowsPath('C:/UniLu/Spaider/sagan/sagan_smolagents/sagan_smolagents/data/2401.12177v2.pdf'), WindowsPath('C:/UniLu/Spaider/sagan/sagan_smolagents/sagan_smolagents/data/2402.04830v5.pdf'), WindowsPath('C:/UniLu/Spaider/sagan/sagan_smolagents/sagan_smolagents/data/2402.14750v1.pdf'), WindowsPath('C:/UniLu/Spaider/sagan/sagan_smolagents/sagan_smolagents/data/2403.10986v1.pdf'), WindowsPath('C:/UniLu/Spaider/sagan/sagan_smolagents/sagan_smolagents/data/2404.00413v1.pdf'), WindowsPath('C:/UniLu/Spaider/sagan/sagan_smolagents/sagan_smolagents/data/2405.01392v1.pdf'), WindowsPath('C:/UniLu/Spaider/sagan/sagan_smolagents/sagan_smolagents/data/2405.03034v1.pdf'), WindowsPath('C:/UniLu/Spaider/sagan/sagan_smolagents/sagan_smolagents/data/2406.02533v1.pdf'), WindowsPath('C:/UniLu/Spaider/sagan/sagan_smolagents/sagan_smolagents/data/2406.06748v1.pdf'), WindowsPath('C:/UniLu/Spaider/sagan/sagan_smolagents/sagan_smolagents/data/2406.07500v2.pdf'), WindowsPath('C:/UniLu/Spaider/sagan/sagan_smolagents/sagan_smolagents/data/2406.14297v2.pdf'), WindowsPath('C:/UniLu/Spaider/sagan/sagan_smolagents/sagan_smolagents/data/2406.18709v1.pdf'), WindowsPath('C:/UniLu/Spaider/sagan/sagan_smolagents/sagan_smolagents/data/2407.02172v1.pdf'), WindowsPath('C:/UniLu/Spaider/sagan/sagan_smolagents/sagan_smolagents/data/2407.16764v1.pdf'), WindowsPath('C:/UniLu/Spaider/sagan/sagan_smolagents/sagan_smolagents/data/2408.08676v1.pdf'), WindowsPath('C:/UniLu/Spaider/sagan/sagan_smolagents/sagan_smolagents/data/2408.17435v1.pdf'), WindowsPath('C:/UniLu/Spaider/sagan/sagan_smolagents/sagan_smolagents/data/2409.09658v1.pdf'), WindowsPath('C:/UniLu/Spaider/sagan/sagan_smolagents/sagan_smolagents/data/2409.11661v1.pdf'), WindowsPath('C:/UniLu/Spaider/sagan/sagan_smolagents/sagan_smolagents/data/2409.12258v1.pdf'), WindowsPath('C:/UniLu/Spaider/sagan/sagan_smolagents/sagan_smolagents/data/2409.16465v2.pdf'), WindowsPath('C:/UniLu/Spaider/sagan/sagan_smolagents/sagan_smolagents/data/2409.17125v1.pdf'), WindowsPath('C:/UniLu/Spaider/sagan/sagan_smolagents/sagan_smolagents/data/2409.17841v1 (1).pdf'), WindowsPath('C:/UniLu/Spaider/sagan/sagan_smolagents/sagan_smolagents/data/2409.17841v1.pdf'), WindowsPath('C:/UniLu/Spaider/sagan/sagan_smolagents/sagan_smolagents/data/2410.05585v1.pdf'), WindowsPath('C:/UniLu/Spaider/sagan/sagan_smolagents/sagan_smolagents/data/2410.11723v1.pdf'), WindowsPath('C:/UniLu/Spaider/sagan/sagan_smolagents/sagan_smolagents/data/2410.12679v1.pdf'), WindowsPath('C:/UniLu/Spaider/sagan/sagan_smolagents/sagan_smolagents/data/2410.16397v1.pdf'), WindowsPath('C:/UniLu/Spaider/sagan/sagan_smolagents/sagan_smolagents/data/6043.pdf'), WindowsPath('C:/UniLu/Spaider/sagan/sagan_smolagents/sagan_smolagents/data/141488550.pdf'), WindowsPath('C:/UniLu/Spaider/sagan/sagan_smolagents/sagan_smolagents/data/1732042751_106__8oz675bx.pdf'), WindowsPath('C:/UniLu/Spaider/sagan/sagan_smolagents/sagan_smolagents/data/applsci-12-05106.pdf'), WindowsPath('C:/UniLu/Spaider/sagan/sagan_smolagents/sagan_smolagents/data/Bo_2023_J._Phys.__Conf._Ser._2460_012171.pdf'), WindowsPath('C:/UniLu/Spaider/sagan/sagan_smolagents/sagan_smolagents/data/castano-etal-AERO2022.pdf'), WindowsPath('C:/UniLu/Spaider/sagan/sagan_smolagents/sagan_smolagents/data/cso planning guidance.pdf'), WindowsPath('C:/UniLu/Spaider/sagan/sagan_smolagents/sagan_smolagents/data/Current Technology in Space v4 Briefing.pdf'), WindowsPath('C:/UniLu/Spaider/sagan/sagan_smolagents/sagan_smolagents/data/Factsheet_05_11_ActInSpaceISOS.pdf'), WindowsPath('C:/UniLu/Spaider/sagan/sagan_smolagents/sagan_smolagents/data/IJIRT161698_PAPER.pdf'), WindowsPath('C:/UniLu/Spaider/sagan/sagan_smolagents/sagan_smolagents/data/JETIR1912274.pdf'), WindowsPath('C:/UniLu/Spaider/sagan/sagan_smolagents/sagan_smolagents/data/JSR-2021.pdf'), WindowsPath('C:/UniLu/Spaider/sagan/sagan_smolagents/sagan_smolagents/data/Lim.pdf'), WindowsPath('C:/UniLu/Spaider/sagan/sagan_smolagents/sagan_smolagents/data/meng-et-al-2018-how-to-apply-ai-and-automatic-into-mission-operation.pdf'), WindowsPath('C:/UniLu/Spaider/sagan/sagan_smolagents/sagan_smolagents/data/paper21.pdf'), WindowsPath('C:/UniLu/Spaider/sagan/sagan_smolagents/sagan_smolagents/data/phdthesis_brandonisio_v3.pdf'), WindowsPath('C:/UniLu/Spaider/sagan/sagan_smolagents/sagan_smolagents/data/Phisat-2_Mission_Overview_Web.pdf'), WindowsPath('C:/UniLu/Spaider/sagan/sagan_smolagents/sagan_smolagents/data/PIRA-aiaa-6.2022-1472-aiml-mission-processing-onboard-satellites-paper.pdf'), WindowsPath('C:/UniLu/Spaider/sagan/sagan_smolagents/sagan_smolagents/data/presentation328.pdf'), WindowsPath('C:/UniLu/Spaider/sagan/sagan_smolagents/sagan_smolagents/data/SA517LI.pdf')]
2025-02-18 01:48:27,795 - DEBUG - Copied file: C:\UniLu\Spaider\sagan\sagan_smolagents\sagan_smolagents\data\$MP-SCI-335-IS-03P.pdf to C:\UniLu\Spaider\sagan\sagan_smolagents\sagan_smolagents\projects\project_20250218_014817_698707\data\$MP-SCI-335-IS-03P.pdf
2025-02-18 01:48:27,811 - DEBUG - Copied file: C:\UniLu\Spaider\sagan\sagan_smolagents\sagan_smolagents\data\1-s2.0-S0376042123000763-main.pdf to C:\UniLu\Spaider\sagan\sagan_smolagents\sagan_smolagents\projects\project_20250218_014817_698707\data\1-s2.0-S0376042123000763-main.pdf
2025-02-18 01:48:27,815 - DEBUG - Copied file: C:\UniLu\Spaider\sagan\sagan_smolagents\sagan_smolagents\data\0812.2635v3.pdf to C:\UniLu\Spaider\sagan\sagan_smolagents\sagan_smolagents\projects\project_20250218_014817_698707\data\0812.2635v3.pdf
2025-02-18 01:48:27,819 - DEBUG - Copied file: C:\UniLu\Spaider\sagan\sagan_smolagents\sagan_smolagents\data\1111.1138v1.pdf to C:\UniLu\Spaider\sagan\sagan_smolagents\sagan_smolagents\projects\project_20250218_014817_698707\data\1111.1138v1.pdf
2025-02-18 01:48:27,823 - DEBUG - Copied file: C:\UniLu\Spaider\sagan\sagan_smolagents\sagan_smolagents\data\1305.4842v1.pdf to C:\UniLu\Spaider\sagan\sagan_smolagents\sagan_smolagents\projects\project_20250218_014817_698707\data\1305.4842v1.pdf
2025-02-18 01:48:27,828 - DEBUG - Copied file: C:\UniLu\Spaider\sagan\sagan_smolagents\sagan_smolagents\data\1612.08733v1.pdf to C:\UniLu\Spaider\sagan\sagan_smolagents\sagan_smolagents\projects\project_20250218_014817_698707\data\1612.08733v1.pdf
2025-02-18 01:48:27,830 - DEBUG - Copied file: C:\UniLu\Spaider\sagan\sagan_smolagents\sagan_smolagents\data\1701.08201v1.pdf to C:\UniLu\Spaider\sagan\sagan_smolagents\sagan_smolagents\projects\project_20250218_014817_698707\data\1701.08201v1.pdf
2025-02-18 01:48:27,830 - DEBUG - Copied file: C:\UniLu\Spaider\sagan\sagan_smolagents\sagan_smolagents\data\1703.06930v1.pdf to C:\UniLu\Spaider\sagan\sagan_smolagents\sagan_smolagents\projects\project_20250218_014817_698707\data\1703.06930v1.pdf
2025-02-18 01:48:27,837 - DEBUG - Copied file: C:\UniLu\Spaider\sagan\sagan_smolagents\sagan_smolagents\data\1705.11022v1.pdf to C:\UniLu\Spaider\sagan\sagan_smolagents\sagan_smolagents\projects\project_20250218_014817_698707\data\1705.11022v1.pdf
2025-02-18 01:48:27,837 - DEBUG - Copied file: C:\UniLu\Spaider\sagan\sagan_smolagents\sagan_smolagents\data\1811.06526v3.pdf to C:\UniLu\Spaider\sagan\sagan_smolagents\sagan_smolagents\projects\project_20250218_014817_698707\data\1811.06526v3.pdf
2025-02-18 01:48:27,846 - DEBUG - Copied file: C:\UniLu\Spaider\sagan\sagan_smolagents\sagan_smolagents\data\1812.02948v1.pdf to C:\UniLu\Spaider\sagan\sagan_smolagents\sagan_smolagents\projects\project_20250218_014817_698707\data\1812.02948v1.pdf
2025-02-18 01:48:27,849 - DEBUG - Copied file: C:\UniLu\Spaider\sagan\sagan_smolagents\sagan_smolagents\data\1902.02095v1.pdf to C:\UniLu\Spaider\sagan\sagan_smolagents\sagan_smolagents\projects\project_20250218_014817_698707\data\1902.02095v1.pdf
2025-02-18 01:48:27,849 - DEBUG - Copied file: C:\UniLu\Spaider\sagan\sagan_smolagents\sagan_smolagents\data\1902.03180v1.pdf to C:\UniLu\Spaider\sagan\sagan_smolagents\sagan_smolagents\projects\project_20250218_014817_698707\data\1902.03180v1.pdf
2025-02-18 01:48:27,858 - DEBUG - Copied file: C:\UniLu\Spaider\sagan\sagan_smolagents\sagan_smolagents\data\1907.07989v1.pdf to C:\UniLu\Spaider\sagan\sagan_smolagents\sagan_smolagents\projects\project_20250218_014817_698707\data\1907.07989v1.pdf
2025-02-18 01:48:27,859 - DEBUG - Copied file: C:\UniLu\Spaider\sagan\sagan_smolagents\sagan_smolagents\data\1910.03014v1.pdf to C:\UniLu\Spaider\sagan\sagan_smolagents\sagan_smolagents\projects\project_20250218_014817_698707\data\1910.03014v1.pdf
2025-02-18 01:48:27,870 - DEBUG - Copied file: C:\UniLu\Spaider\sagan\sagan_smolagents\sagan_smolagents\data\1911.04449v1.pdf to C:\UniLu\Spaider\sagan\sagan_smolagents\sagan_smolagents\projects\project_20250218_014817_698707\data\1911.04449v1.pdf
2025-02-18 01:48:27,878 - DEBUG - Copied file: C:\UniLu\Spaider\sagan\sagan_smolagents\sagan_smolagents\data\2002.08881v2.pdf to C:\UniLu\Spaider\sagan\sagan_smolagents\sagan_smolagents\projects\project_20250218_014817_698707\data\2002.08881v2.pdf
2025-02-18 01:48:27,881 - DEBUG - Copied file: C:\UniLu\Spaider\sagan\sagan_smolagents\sagan_smolagents\data\2006.12497v3.pdf to C:\UniLu\Spaider\sagan\sagan_smolagents\sagan_smolagents\projects\project_20250218_014817_698707\data\2006.12497v3.pdf
2025-02-18 01:48:27,887 - DEBUG - Copied file: C:\UniLu\Spaider\sagan\sagan_smolagents\sagan_smolagents\data\2018_4_Infantolino.pdf to C:\UniLu\Spaider\sagan\sagan_smolagents\sagan_smolagents\projects\project_20250218_014817_698707\data\2018_4_Infantolino.pdf
2025-02-18 01:48:27,889 - DEBUG - Copied file: C:\UniLu\Spaider\sagan\sagan_smolagents\sagan_smolagents\data\2106.05659v1.pdf to C:\UniLu\Spaider\sagan\sagan_smolagents\sagan_smolagents\projects\project_20250218_014817_698707\data\2106.05659v1.pdf
2025-02-18 01:48:27,895 - DEBUG - Copied file: C:\UniLu\Spaider\sagan\sagan_smolagents\sagan_smolagents\data\2108.08876v2.pdf to C:\UniLu\Spaider\sagan\sagan_smolagents\sagan_smolagents\projects\project_20250218_014817_698707\data\2108.08876v2.pdf
2025-02-18 01:48:27,913 - DEBUG - Copied file: C:\UniLu\Spaider\sagan\sagan_smolagents\sagan_smolagents\data\2110.03101v2.pdf to C:\UniLu\Spaider\sagan\sagan_smolagents\sagan_smolagents\projects\project_20250218_014817_698707\data\2110.03101v2.pdf
2025-02-18 01:48:27,921 - DEBUG - Copied file: C:\UniLu\Spaider\sagan\sagan_smolagents\sagan_smolagents\data\2204.13251v1.pdf to C:\UniLu\Spaider\sagan\sagan_smolagents\sagan_smolagents\projects\project_20250218_014817_698707\data\2204.13251v1.pdf
2025-02-18 01:48:27,925 - DEBUG - Copied file: C:\UniLu\Spaider\sagan\sagan_smolagents\sagan_smolagents\data\2204.14152v1.pdf to C:\UniLu\Spaider\sagan\sagan_smolagents\sagan_smolagents\projects\project_20250218_014817_698707\data\2204.14152v1.pdf
2025-02-18 01:48:27,931 - DEBUG - Copied file: C:\UniLu\Spaider\sagan\sagan_smolagents\sagan_smolagents\data\2208.03378v4.pdf to C:\UniLu\Spaider\sagan\sagan_smolagents\sagan_smolagents\projects\project_20250218_014817_698707\data\2208.03378v4.pdf
2025-02-18 01:48:27,942 - DEBUG - Copied file: C:\UniLu\Spaider\sagan\sagan_smolagents\sagan_smolagents\data\2210.05518v1.pdf to C:\UniLu\Spaider\sagan\sagan_smolagents\sagan_smolagents\projects\project_20250218_014817_698707\data\2210.05518v1.pdf
2025-02-18 01:48:27,949 - DEBUG - Copied file: C:\UniLu\Spaider\sagan\sagan_smolagents\sagan_smolagents\data\2210.14980v2.pdf to C:\UniLu\Spaider\sagan\sagan_smolagents\sagan_smolagents\projects\project_20250218_014817_698707\data\2210.14980v2.pdf
2025-02-18 01:48:27,953 - DEBUG - Copied file: C:\UniLu\Spaider\sagan\sagan_smolagents\sagan_smolagents\data\2212.00350v1.pdf to C:\UniLu\Spaider\sagan\sagan_smolagents\sagan_smolagents\projects\project_20250218_014817_698707\data\2212.00350v1.pdf
2025-02-18 01:48:27,960 - DEBUG - Copied file: C:\UniLu\Spaider\sagan\sagan_smolagents\sagan_smolagents\data\2212.01390v1.pdf to C:\UniLu\Spaider\sagan\sagan_smolagents\sagan_smolagents\projects\project_20250218_014817_698707\data\2212.01390v1.pdf
2025-02-18 01:48:27,962 - DEBUG - Copied file: C:\UniLu\Spaider\sagan\sagan_smolagents\sagan_smolagents\data\2301.08744v1.pdf to C:\UniLu\Spaider\sagan\sagan_smolagents\sagan_smolagents\projects\project_20250218_014817_698707\data\2301.08744v1.pdf
2025-02-18 01:48:27,962 - DEBUG - Copied file: C:\UniLu\Spaider\sagan\sagan_smolagents\sagan_smolagents\data\2301.09056v1.pdf to C:\UniLu\Spaider\sagan\sagan_smolagents\sagan_smolagents\projects\project_20250218_014817_698707\data\2301.09056v1.pdf
2025-02-18 01:48:27,970 - DEBUG - Copied file: C:\UniLu\Spaider\sagan\sagan_smolagents\sagan_smolagents\data\2301.09059v1.pdf to C:\UniLu\Spaider\sagan\sagan_smolagents\sagan_smolagents\projects\project_20250218_014817_698707\data\2301.09059v1.pdf
2025-02-18 01:48:27,970 - DEBUG - Copied file: C:\UniLu\Spaider\sagan\sagan_smolagents\sagan_smolagents\data\2302.00824v1.pdf to C:\UniLu\Spaider\sagan\sagan_smolagents\sagan_smolagents\projects\project_20250218_014817_698707\data\2302.00824v1.pdf
2025-02-18 01:48:27,978 - DEBUG - Copied file: C:\UniLu\Spaider\sagan\sagan_smolagents\sagan_smolagents\data\2302.06918v1.pdf to C:\UniLu\Spaider\sagan\sagan_smolagents\sagan_smolagents\projects\project_20250218_014817_698707\data\2302.06918v1.pdf
2025-02-18 01:48:27,982 - DEBUG - Copied file: C:\UniLu\Spaider\sagan\sagan_smolagents\sagan_smolagents\data\2303.15872v1.pdf to C:\UniLu\Spaider\sagan\sagan_smolagents\sagan_smolagents\projects\project_20250218_014817_698707\data\2303.15872v1.pdf
2025-02-18 01:48:27,988 - DEBUG - Copied file: C:\UniLu\Spaider\sagan\sagan_smolagents\sagan_smolagents\data\2305.13078v1.pdf to C:\UniLu\Spaider\sagan\sagan_smolagents\sagan_smolagents\projects\project_20250218_014817_698707\data\2305.13078v1.pdf
2025-02-18 01:48:27,994 - DEBUG - Copied file: C:\UniLu\Spaider\sagan\sagan_smolagents\sagan_smolagents\data\2309.04934v2.pdf to C:\UniLu\Spaider\sagan\sagan_smolagents\sagan_smolagents\projects\project_20250218_014817_698707\data\2309.04934v2.pdf
2025-02-18 01:48:28,002 - DEBUG - Copied file: C:\UniLu\Spaider\sagan\sagan_smolagents\sagan_smolagents\data\2310.13831v3.pdf to C:\UniLu\Spaider\sagan\sagan_smolagents\sagan_smolagents\projects\project_20250218_014817_698707\data\2310.13831v3.pdf
2025-02-18 01:48:28,005 - DEBUG - Copied file: C:\UniLu\Spaider\sagan\sagan_smolagents\sagan_smolagents\data\2310.18966v1.pdf to C:\UniLu\Spaider\sagan\sagan_smolagents\sagan_smolagents\projects\project_20250218_014817_698707\data\2310.18966v1.pdf
2025-02-18 01:48:28,014 - DEBUG - Copied file: C:\UniLu\Spaider\sagan\sagan_smolagents\sagan_smolagents\data\2401.12177v2.pdf to C:\UniLu\Spaider\sagan\sagan_smolagents\sagan_smolagents\projects\project_20250218_014817_698707\data\2401.12177v2.pdf
2025-02-18 01:48:28,016 - DEBUG - Copied file: C:\UniLu\Spaider\sagan\sagan_smolagents\sagan_smolagents\data\2402.04830v5.pdf to C:\UniLu\Spaider\sagan\sagan_smolagents\sagan_smolagents\projects\project_20250218_014817_698707\data\2402.04830v5.pdf
2025-02-18 01:48:28,023 - DEBUG - Copied file: C:\UniLu\Spaider\sagan\sagan_smolagents\sagan_smolagents\data\2402.14750v1.pdf to C:\UniLu\Spaider\sagan\sagan_smolagents\sagan_smolagents\projects\project_20250218_014817_698707\data\2402.14750v1.pdf
2025-02-18 01:48:28,026 - DEBUG - Copied file: C:\UniLu\Spaider\sagan\sagan_smolagents\sagan_smolagents\data\2403.10986v1.pdf to C:\UniLu\Spaider\sagan\sagan_smolagents\sagan_smolagents\projects\project_20250218_014817_698707\data\2403.10986v1.pdf
2025-02-18 01:48:28,043 - DEBUG - Copied file: C:\UniLu\Spaider\sagan\sagan_smolagents\sagan_smolagents\data\2404.00413v1.pdf to C:\UniLu\Spaider\sagan\sagan_smolagents\sagan_smolagents\projects\project_20250218_014817_698707\data\2404.00413v1.pdf
2025-02-18 01:48:28,055 - DEBUG - Copied file: C:\UniLu\Spaider\sagan\sagan_smolagents\sagan_smolagents\data\2405.01392v1.pdf to C:\UniLu\Spaider\sagan\sagan_smolagents\sagan_smolagents\projects\project_20250218_014817_698707\data\2405.01392v1.pdf
2025-02-18 01:48:28,062 - DEBUG - Copied file: C:\UniLu\Spaider\sagan\sagan_smolagents\sagan_smolagents\data\2405.03034v1.pdf to C:\UniLu\Spaider\sagan\sagan_smolagents\sagan_smolagents\projects\project_20250218_014817_698707\data\2405.03034v1.pdf
2025-02-18 01:48:28,072 - DEBUG - Copied file: C:\UniLu\Spaider\sagan\sagan_smolagents\sagan_smolagents\data\2406.02533v1.pdf to C:\UniLu\Spaider\sagan\sagan_smolagents\sagan_smolagents\projects\project_20250218_014817_698707\data\2406.02533v1.pdf
2025-02-18 01:48:28,080 - DEBUG - Copied file: C:\UniLu\Spaider\sagan\sagan_smolagents\sagan_smolagents\data\2406.06748v1.pdf to C:\UniLu\Spaider\sagan\sagan_smolagents\sagan_smolagents\projects\project_20250218_014817_698707\data\2406.06748v1.pdf
2025-02-18 01:48:28,099 - DEBUG - Copied file: C:\UniLu\Spaider\sagan\sagan_smolagents\sagan_smolagents\data\2406.07500v2.pdf to C:\UniLu\Spaider\sagan\sagan_smolagents\sagan_smolagents\projects\project_20250218_014817_698707\data\2406.07500v2.pdf
2025-02-18 01:48:28,102 - DEBUG - Copied file: C:\UniLu\Spaider\sagan\sagan_smolagents\sagan_smolagents\data\2406.14297v2.pdf to C:\UniLu\Spaider\sagan\sagan_smolagents\sagan_smolagents\projects\project_20250218_014817_698707\data\2406.14297v2.pdf
2025-02-18 01:48:28,102 - DEBUG - Copied file: C:\UniLu\Spaider\sagan\sagan_smolagents\sagan_smolagents\data\2406.18709v1.pdf to C:\UniLu\Spaider\sagan\sagan_smolagents\sagan_smolagents\projects\project_20250218_014817_698707\data\2406.18709v1.pdf
2025-02-18 01:48:28,113 - DEBUG - Copied file: C:\UniLu\Spaider\sagan\sagan_smolagents\sagan_smolagents\data\2407.02172v1.pdf to C:\UniLu\Spaider\sagan\sagan_smolagents\sagan_smolagents\projects\project_20250218_014817_698707\data\2407.02172v1.pdf
2025-02-18 01:48:28,115 - DEBUG - Copied file: C:\UniLu\Spaider\sagan\sagan_smolagents\sagan_smolagents\data\2407.16764v1.pdf to C:\UniLu\Spaider\sagan\sagan_smolagents\sagan_smolagents\projects\project_20250218_014817_698707\data\2407.16764v1.pdf
2025-02-18 01:48:28,118 - DEBUG - Copied file: C:\UniLu\Spaider\sagan\sagan_smolagents\sagan_smolagents\data\2408.08676v1.pdf to C:\UniLu\Spaider\sagan\sagan_smolagents\sagan_smolagents\projects\project_20250218_014817_698707\data\2408.08676v1.pdf
2025-02-18 01:48:28,121 - DEBUG - Copied file: C:\UniLu\Spaider\sagan\sagan_smolagents\sagan_smolagents\data\2408.17435v1.pdf to C:\UniLu\Spaider\sagan\sagan_smolagents\sagan_smolagents\projects\project_20250218_014817_698707\data\2408.17435v1.pdf
2025-02-18 01:48:28,128 - DEBUG - Copied file: C:\UniLu\Spaider\sagan\sagan_smolagents\sagan_smolagents\data\2409.09658v1.pdf to C:\UniLu\Spaider\sagan\sagan_smolagents\sagan_smolagents\projects\project_20250218_014817_698707\data\2409.09658v1.pdf
2025-02-18 01:48:28,136 - DEBUG - Copied file: C:\UniLu\Spaider\sagan\sagan_smolagents\sagan_smolagents\data\2409.11661v1.pdf to C:\UniLu\Spaider\sagan\sagan_smolagents\sagan_smolagents\projects\project_20250218_014817_698707\data\2409.11661v1.pdf
2025-02-18 01:48:28,136 - DEBUG - Copied file: C:\UniLu\Spaider\sagan\sagan_smolagents\sagan_smolagents\data\2409.12258v1.pdf to C:\UniLu\Spaider\sagan\sagan_smolagents\sagan_smolagents\projects\project_20250218_014817_698707\data\2409.12258v1.pdf
2025-02-18 01:48:28,146 - DEBUG - Copied file: C:\UniLu\Spaider\sagan\sagan_smolagents\sagan_smolagents\data\2409.16465v2.pdf to C:\UniLu\Spaider\sagan\sagan_smolagents\sagan_smolagents\projects\project_20250218_014817_698707\data\2409.16465v2.pdf
2025-02-18 01:48:28,150 - DEBUG - Copied file: C:\UniLu\Spaider\sagan\sagan_smolagents\sagan_smolagents\data\2409.17125v1.pdf to C:\UniLu\Spaider\sagan\sagan_smolagents\sagan_smolagents\projects\project_20250218_014817_698707\data\2409.17125v1.pdf
2025-02-18 01:48:28,152 - DEBUG - Copied file: C:\UniLu\Spaider\sagan\sagan_smolagents\sagan_smolagents\data\2409.17841v1 (1).pdf to C:\UniLu\Spaider\sagan\sagan_smolagents\sagan_smolagents\projects\project_20250218_014817_698707\data\2409.17841v1 (1).pdf
2025-02-18 01:48:28,152 - DEBUG - Copied file: C:\UniLu\Spaider\sagan\sagan_smolagents\sagan_smolagents\data\2409.17841v1.pdf to C:\UniLu\Spaider\sagan\sagan_smolagents\sagan_smolagents\projects\project_20250218_014817_698707\data\2409.17841v1.pdf
2025-02-18 01:48:28,161 - DEBUG - Copied file: C:\UniLu\Spaider\sagan\sagan_smolagents\sagan_smolagents\data\2410.05585v1.pdf to C:\UniLu\Spaider\sagan\sagan_smolagents\sagan_smolagents\projects\project_20250218_014817_698707\data\2410.05585v1.pdf
2025-02-18 01:48:28,169 - DEBUG - Copied file: C:\UniLu\Spaider\sagan\sagan_smolagents\sagan_smolagents\data\2410.11723v1.pdf to C:\UniLu\Spaider\sagan\sagan_smolagents\sagan_smolagents\projects\project_20250218_014817_698707\data\2410.11723v1.pdf
2025-02-18 01:48:28,171 - DEBUG - Copied file: C:\UniLu\Spaider\sagan\sagan_smolagents\sagan_smolagents\data\2410.12679v1.pdf to C:\UniLu\Spaider\sagan\sagan_smolagents\sagan_smolagents\projects\project_20250218_014817_698707\data\2410.12679v1.pdf
2025-02-18 01:48:28,177 - DEBUG - Copied file: C:\UniLu\Spaider\sagan\sagan_smolagents\sagan_smolagents\data\2410.16397v1.pdf to C:\UniLu\Spaider\sagan\sagan_smolagents\sagan_smolagents\projects\project_20250218_014817_698707\data\2410.16397v1.pdf
2025-02-18 01:48:28,177 - DEBUG - Copied file: C:\UniLu\Spaider\sagan\sagan_smolagents\sagan_smolagents\data\6043.pdf to C:\UniLu\Spaider\sagan\sagan_smolagents\sagan_smolagents\projects\project_20250218_014817_698707\data\6043.pdf
2025-02-18 01:48:28,186 - DEBUG - Copied file: C:\UniLu\Spaider\sagan\sagan_smolagents\sagan_smolagents\data\141488550.pdf to C:\UniLu\Spaider\sagan\sagan_smolagents\sagan_smolagents\projects\project_20250218_014817_698707\data\141488550.pdf
2025-02-18 01:48:28,186 - DEBUG - Copied file: C:\UniLu\Spaider\sagan\sagan_smolagents\sagan_smolagents\data\1732042751_106__8oz675bx.pdf to C:\UniLu\Spaider\sagan\sagan_smolagents\sagan_smolagents\projects\project_20250218_014817_698707\data\1732042751_106__8oz675bx.pdf
2025-02-18 01:48:28,194 - DEBUG - Copied file: C:\UniLu\Spaider\sagan\sagan_smolagents\sagan_smolagents\data\applsci-12-05106.pdf to C:\UniLu\Spaider\sagan\sagan_smolagents\sagan_smolagents\projects\project_20250218_014817_698707\data\applsci-12-05106.pdf
2025-02-18 01:48:28,194 - DEBUG - Copied file: C:\UniLu\Spaider\sagan\sagan_smolagents\sagan_smolagents\data\Bo_2023_J._Phys.__Conf._Ser._2460_012171.pdf to C:\UniLu\Spaider\sagan\sagan_smolagents\sagan_smolagents\projects\project_20250218_014817_698707\data\Bo_2023_J._Phys.__Conf._Ser._2460_012171.pdf
2025-02-18 01:48:28,211 - DEBUG - Copied file: C:\UniLu\Spaider\sagan\sagan_smolagents\sagan_smolagents\data\castano-etal-AERO2022.pdf to C:\UniLu\Spaider\sagan\sagan_smolagents\sagan_smolagents\projects\project_20250218_014817_698707\data\castano-etal-AERO2022.pdf
2025-02-18 01:48:28,211 - DEBUG - Copied file: C:\UniLu\Spaider\sagan\sagan_smolagents\sagan_smolagents\data\cso planning guidance.pdf to C:\UniLu\Spaider\sagan\sagan_smolagents\sagan_smolagents\projects\project_20250218_014817_698707\data\cso planning guidance.pdf
2025-02-18 01:48:28,218 - DEBUG - Copied file: C:\UniLu\Spaider\sagan\sagan_smolagents\sagan_smolagents\data\Current Technology in Space v4 Briefing.pdf to C:\UniLu\Spaider\sagan\sagan_smolagents\sagan_smolagents\projects\project_20250218_014817_698707\data\Current Technology in Space v4 Briefing.pdf
2025-02-18 01:48:28,223 - DEBUG - Copied file: C:\UniLu\Spaider\sagan\sagan_smolagents\sagan_smolagents\data\Factsheet_05_11_ActInSpaceISOS.pdf to C:\UniLu\Spaider\sagan\sagan_smolagents\sagan_smolagents\projects\project_20250218_014817_698707\data\Factsheet_05_11_ActInSpaceISOS.pdf
2025-02-18 01:48:28,225 - DEBUG - Copied file: C:\UniLu\Spaider\sagan\sagan_smolagents\sagan_smolagents\data\IJIRT161698_PAPER.pdf to C:\UniLu\Spaider\sagan\sagan_smolagents\sagan_smolagents\projects\project_20250218_014817_698707\data\IJIRT161698_PAPER.pdf
2025-02-18 01:48:28,227 - DEBUG - Copied file: C:\UniLu\Spaider\sagan\sagan_smolagents\sagan_smolagents\data\JETIR1912274.pdf to C:\UniLu\Spaider\sagan\sagan_smolagents\sagan_smolagents\projects\project_20250218_014817_698707\data\JETIR1912274.pdf
2025-02-18 01:48:28,227 - DEBUG - Copied file: C:\UniLu\Spaider\sagan\sagan_smolagents\sagan_smolagents\data\JSR-2021.pdf to C:\UniLu\Spaider\sagan\sagan_smolagents\sagan_smolagents\projects\project_20250218_014817_698707\data\JSR-2021.pdf
2025-02-18 01:48:28,235 - DEBUG - Copied file: C:\UniLu\Spaider\sagan\sagan_smolagents\sagan_smolagents\data\Lim.pdf to C:\UniLu\Spaider\sagan\sagan_smolagents\sagan_smolagents\projects\project_20250218_014817_698707\data\Lim.pdf
2025-02-18 01:48:28,236 - DEBUG - Copied file: C:\UniLu\Spaider\sagan\sagan_smolagents\sagan_smolagents\data\meng-et-al-2018-how-to-apply-ai-and-automatic-into-mission-operation.pdf to C:\UniLu\Spaider\sagan\sagan_smolagents\sagan_smolagents\projects\project_20250218_014817_698707\data\meng-et-al-2018-how-to-apply-ai-and-automatic-into-mission-operation.pdf
2025-02-18 01:48:28,236 - DEBUG - Copied file: C:\UniLu\Spaider\sagan\sagan_smolagents\sagan_smolagents\data\paper21.pdf to C:\UniLu\Spaider\sagan\sagan_smolagents\sagan_smolagents\projects\project_20250218_014817_698707\data\paper21.pdf
2025-02-18 01:48:28,247 - DEBUG - Copied file: C:\UniLu\Spaider\sagan\sagan_smolagents\sagan_smolagents\data\phdthesis_brandonisio_v3.pdf to C:\UniLu\Spaider\sagan\sagan_smolagents\sagan_smolagents\projects\project_20250218_014817_698707\data\phdthesis_brandonisio_v3.pdf
2025-02-18 01:48:28,251 - DEBUG - Copied file: C:\UniLu\Spaider\sagan\sagan_smolagents\sagan_smolagents\data\Phisat-2_Mission_Overview_Web.pdf to C:\UniLu\Spaider\sagan\sagan_smolagents\sagan_smolagents\projects\project_20250218_014817_698707\data\Phisat-2_Mission_Overview_Web.pdf
2025-02-18 01:48:28,252 - DEBUG - Copied file: C:\UniLu\Spaider\sagan\sagan_smolagents\sagan_smolagents\data\PIRA-aiaa-6.2022-1472-aiml-mission-processing-onboard-satellites-paper.pdf to C:\UniLu\Spaider\sagan\sagan_smolagents\sagan_smolagents\projects\project_20250218_014817_698707\data\PIRA-aiaa-6.2022-1472-aiml-mission-processing-onboard-satellites-paper.pdf
2025-02-18 01:48:28,252 - DEBUG - Copied file: C:\UniLu\Spaider\sagan\sagan_smolagents\sagan_smolagents\data\presentation328.pdf to C:\UniLu\Spaider\sagan\sagan_smolagents\sagan_smolagents\projects\project_20250218_014817_698707\data\presentation328.pdf
2025-02-18 01:48:28,252 - DEBUG - Copied file: C:\UniLu\Spaider\sagan\sagan_smolagents\sagan_smolagents\data\SA517LI.pdf to C:\UniLu\Spaider\sagan\sagan_smolagents\sagan_smolagents\projects\project_20250218_014817_698707\data\SA517LI.pdf
2025-02-18 09:53:41,760 - DEBUG - Copied template: C:\UniLu\Spaider\sagan\sagan_smolagents\sagan_smolagents\fnr_template\Project Idea Template.docx to C:\UniLu\Spaider\sagan\sagan_smolagents\sagan_smolagents\projects\project_20250218_014817_698707\template\Project Idea Template.docx
2025-02-18 10:05:22,458 - DEBUG - Searching for projects in: C:\UniLu\Spaider\sagan\sagan_smolagents\sagan_smolagents\projects
2025-02-18 10:05:22,458 - DEBUG - Checking state file: C:\UniLu\Spaider\sagan\sagan_smolagents\sagan_smolagents\projects\project_20250217_040517_801166\state.json
2025-02-18 10:05:22,465 - DEBUG - Loaded project: tomato (project_20250217_040517_801166)
2025-02-18 10:05:22,465 - DEBUG - Checking state file: C:\UniLu\Spaider\sagan\sagan_smolagents\sagan_smolagents\projects\project_20250217_213236_487243\state.json
2025-02-18 10:05:22,465 - DEBUG - Loaded project: owl (project_20250217_213236_487243)
2025-02-18 10:05:22,467 - DEBUG - Checking state file: C:\UniLu\Spaider\sagan\sagan_smolagents\sagan_smolagents\projects\project_20250218_014817_698707\state.json
2025-02-18 10:05:22,469 - DEBUG - Loaded project: spaceops (project_20250218_014817_698707)
2025-02-18 10:05:22,469 - DEBUG - Found 3 projects
2025-02-18 10:05:22,469 - DEBUG - Showing project menu
2025-02-18 10:05:27,670 - INFO - Running workflow1 for project project_20250218_014817_698707
2025-02-18 10:13:09,997 - ERROR - Failed to run workflow workflow1: Command '['C:\\Users\\sumit\\AppData\\Local\\pypoetry\\Cache\\virtualenvs\\sagan-smolagents-IrcAoJsT-py3.12\\Scripts\\python.exe', 'C:\\UniLu\\Spaider\\sagan\\sagan_smolagents\\sagan_smolagents\\sagan_workflow\\spaider_agent_temp\\app.py', '--project-id', 'project_20250218_014817_698707']' returned non-zero exit status 1.
2025-02-18 10:13:09,997 - ERROR - Application error: Command '['C:\\Users\\sumit\\AppData\\Local\\pypoetry\\Cache\\virtualenvs\\sagan-smolagents-IrcAoJsT-py3.12\\Scripts\\python.exe', 'C:\\UniLu\\Spaider\\sagan\\sagan_smolagents\\sagan_smolagents\\sagan_workflow\\spaider_agent_temp\\app.py', '--project-id', 'project_20250218_014817_698707']' returned non-zero exit status 1.
2025-02-18 10:13:47,354 - INFO - Starting SAGAN Project Manager
2025-02-18 10:13:47,354 - DEBUG - Project initialized with config: <module 'config' from 'C:\\UniLu\\Spaider\\sagan\\sagan_smolagents\\sagan_smolagents\\config.py'>
2025-02-18 10:13:49,144 - DEBUG - Searching for projects in: C:\UniLu\Spaider\sagan\sagan_smolagents\sagan_smolagents\projects
2025-02-18 10:13:49,144 - DEBUG - Checking state file: C:\UniLu\Spaider\sagan\sagan_smolagents\sagan_smolagents\projects\project_20250217_040517_801166\state.json
2025-02-18 10:13:49,161 - DEBUG - Loaded project: tomato (project_20250217_040517_801166)
2025-02-18 10:13:49,161 - DEBUG - Checking state file: C:\UniLu\Spaider\sagan\sagan_smolagents\sagan_smolagents\projects\project_20250217_213236_487243\state.json
2025-02-18 10:13:49,173 - DEBUG - Loaded project: owl (project_20250217_213236_487243)
2025-02-18 10:13:49,173 - DEBUG - Checking state file: C:\UniLu\Spaider\sagan\sagan_smolagents\sagan_smolagents\projects\project_20250218_014817_698707\state.json
2025-02-18 10:13:49,178 - DEBUG - Loaded project: spaceops (project_20250218_014817_698707)
2025-02-18 10:13:49,178 - DEBUG - Found 3 projects
2025-02-18 10:13:49,178 - DEBUG - Showing project menu
2025-02-18 10:13:52,481 - INFO - Running workflow1 for project project_20250218_014817_698707
2025-02-18 10:21:01,800 - INFO - Starting SAGAN Project Manager
2025-02-18 10:21:01,800 - DEBUG - Project initialized with config: <module 'config' from 'C:\\UniLu\\Spaider\\sagan\\sagan_smolagents\\sagan_smolagents\\config.py'>
2025-02-18 10:21:07,762 - DEBUG - Searching for projects in: C:\UniLu\Spaider\sagan\sagan_smolagents\sagan_smolagents\projects
2025-02-18 10:21:07,762 - DEBUG - Checking state file: C:\UniLu\Spaider\sagan\sagan_smolagents\sagan_smolagents\projects\project_20250217_040517_801166\state.json
2025-02-18 10:21:07,762 - DEBUG - Loaded project: tomato (project_20250217_040517_801166)
2025-02-18 10:21:07,762 - DEBUG - Checking state file: C:\UniLu\Spaider\sagan\sagan_smolagents\sagan_smolagents\projects\project_20250217_213236_487243\state.json
2025-02-18 10:21:07,762 - DEBUG - Loaded project: owl (project_20250217_213236_487243)
2025-02-18 10:21:07,762 - DEBUG - Checking state file: C:\UniLu\Spaider\sagan\sagan_smolagents\sagan_smolagents\projects\project_20250218_014817_698707\state.json
2025-02-18 10:21:07,762 - DEBUG - Loaded project: spaceops (project_20250218_014817_698707)
2025-02-18 10:21:07,762 - DEBUG - Found 3 projects
2025-02-18 10:21:07,762 - DEBUG - Showing project menu
2025-02-18 10:21:10,716 - INFO - Running workflow1 for project project_20250218_014817_698707
2025-02-18 10:28:13,218 - ERROR - Failed to run workflow workflow1: Command '['C:\\Users\\sumit\\AppData\\Local\\pypoetry\\Cache\\virtualenvs\\sagan-smolagents-IrcAoJsT-py3.12\\Scripts\\python.exe', 'C:\\UniLu\\Spaider\\sagan\\sagan_smolagents\\sagan_smolagents\\sagan_workflow\\spaider_agent_temp\\app.py', '--project-id', 'project_20250218_014817_698707']' returned non-zero exit status 1.
2025-02-18 10:28:13,218 - ERROR - Application error: Command '['C:\\Users\\sumit\\AppData\\Local\\pypoetry\\Cache\\virtualenvs\\sagan-smolagents-IrcAoJsT-py3.12\\Scripts\\python.exe', 'C:\\UniLu\\Spaider\\sagan\\sagan_smolagents\\sagan_smolagents\\sagan_workflow\\spaider_agent_temp\\app.py', '--project-id', 'project_20250218_014817_698707']' returned non-zero exit status 1.
2025-02-18 10:54:12,118 - INFO - Starting SAGAN Project Manager
2025-02-18 10:54:12,118 - DEBUG - Project initialized with config: <module 'config' from 'C:\\UniLu\\Spaider\\sagan\\sagan_smolagents\\sagan_smolagents\\config.py'>
2025-02-18 10:54:16,586 - DEBUG - Created directory: C:\UniLu\Spaider\sagan\sagan_smolagents\sagan_smolagents\projects\project_20250218_105416_586663
2025-02-18 10:54:16,586 - DEBUG - Created directory: C:\UniLu\Spaider\sagan\sagan_smolagents\sagan_smolagents\projects\project_20250218_105416_586663\data
2025-02-18 10:54:16,586 - DEBUG - Created directory: C:\UniLu\Spaider\sagan\sagan_smolagents\sagan_smolagents\projects\project_20250218_105416_586663\vectordb
2025-02-18 10:54:16,586 - DEBUG - Created directory: C:\UniLu\Spaider\sagan\sagan_smolagents\sagan_smolagents\projects\project_20250218_105416_586663\template
2025-02-18 10:54:16,603 - DEBUG - Created directory: C:\UniLu\Spaider\sagan\sagan_smolagents\sagan_smolagents\projects\project_20250218_105416_586663\workflow1_output
2025-02-18 10:54:16,603 - DEBUG - Created directory: C:\UniLu\Spaider\sagan\sagan_smolagents\sagan_smolagents\projects\project_20250218_105416_586663\workflow2_output
2025-02-18 10:54:16,605 - DEBUG - Created directory: C:\UniLu\Spaider\sagan\sagan_smolagents\sagan_smolagents\projects\project_20250218_105416_586663\workflow1_output\nodewise_output
2025-02-18 10:54:16,605 - DEBUG - Created directory: C:\UniLu\Spaider\sagan\sagan_smolagents\sagan_smolagents\projects\project_20250218_105416_586663\workflow1_output\retrieved_images
2025-02-18 10:54:16,607 - DEBUG - Opening file selection dialog: Select input files
2025-02-18 10:54:39,553 - DEBUG - Selected files: [WindowsPath('C:/UniLu/Spaider/SAMP literature/Literature/## EXAMINE_Langley_Framework_for_the_Parametric_System_Modeling_of_Sp.pdf'), WindowsPath('C:/UniLu/Spaider/SAMP literature/Literature/6.SystemArch_Module_V1.0.pdf'), WindowsPath('C:/UniLu/Spaider/SAMP literature/Literature/20140017360.pdf'), WindowsPath('C:/UniLu/Spaider/SAMP literature/Literature/20150004445.pdf'), WindowsPath('C:/UniLu/Spaider/SAMP literature/Literature/A Delphi-Based Framework for systems architecting of in-orbit exploration infrastructure for human exploration beyond Low Earth Orbit.pdf'), WindowsPath('C:/UniLu/Spaider/SAMP literature/Literature/A VALUE PROPOSITION FOR LUNAR ARCHITECTURES UTILIZING ON-ORBIT PROPELLANT REFUELING .pdf'), WindowsPath('C:/UniLu/Spaider/SAMP literature/Literature/ARCHITECT.pdf'), WindowsPath('C:/UniLu/Spaider/SAMP literature/Literature/Comparison of Human Exploration Architecture and Campaign Approaches.pdf'), WindowsPath('C:/UniLu/Spaider/SAMP literature/Literature/dcoley_dissertation.pdf'), WindowsPath('C:/UniLu/Spaider/SAMP literature/Literature/Design of the VISITOR Tool- A Versatile ImpulSive Interplanetary Trajectory OptimizeR.pdf'), WindowsPath('C:/UniLu/Spaider/SAMP literature/Literature/Earth Orbiting Support Systems for commercial low Earth orbit data relay - Assessing architectures through tradespace exploration.pdf'), WindowsPath('C:/UniLu/Spaider/SAMP literature/Literature/Elaasar et al. - 2023 - openCAESAR Balancing Agility and Rigor in MBSE.pdf'), WindowsPath('C:/UniLu/Spaider/SAMP literature/Literature/European_Architecture_for_Lunar_Exploration.pdf'), WindowsPath('C:/UniLu/Spaider/SAMP literature/Literature/fernandez-et-al-97-methontology-from-ontological-art-towards-ontological-engineering.pdf'), WindowsPath('C:/UniLu/Spaider/SAMP literature/Literature/FinalEconomicAssessmentandSystemsAnalysisofanEvolvableLunarArchitectureELA.pdf'), WindowsPath('C:/UniLu/Spaider/SAMP literature/Literature/haberfellner-et-al-2019-systems-engineering.pdf'), WindowsPath('C:/UniLu/Spaider/SAMP literature/Literature/ISECGLunarRefArchitectureJuly2010.pdf'), WindowsPath('C:/UniLu/Spaider/SAMP literature/Literature/Johnson et al. - 2023 - Developing and Testing a Common Space Systems Ontology using OML.pdf'), WindowsPath('C:/UniLu/Spaider/SAMP literature/Literature/knoll-2018-a-concurrent-design-approach-for-model-based-technology-roadmapping.pdf'), WindowsPath('C:/UniLu/Spaider/SAMP literature/Literature/Lunar human landing system architecture tradespace modeling.pdf'), WindowsPath('C:/UniLu/Spaider/SAMP literature/Literature/Mankind and Mega-projects.pdf'), WindowsPath('C:/UniLu/Spaider/SAMP literature/Literature/Mega-DriverstoInformNASASpaceTechnologyStrategicPlanning.pdf'), WindowsPath('C:/UniLu/Spaider/SAMP literature/Literature/metamodel of an informational structure for model-based technology roadmapping.pdf'), WindowsPath('C:/UniLu/Spaider/SAMP literature/Literature/MissionPlanning_Sequencing.pdf'), WindowsPath('C:/UniLu/Spaider/SAMP literature/Literature/NASA-ESA CAA-Report.pdf'), WindowsPath('C:/UniLu/Spaider/SAMP literature/Literature/NASAHumanSpaceflightArchitectureTeamCis-LunarAnalysisASCEEarthandSpace2012-LupisellaBobskill.pdf'), WindowsPath('C:/UniLu/Spaider/SAMP literature/Literature/SO06_RADSD-MBED_57418_Paper.pdf'), WindowsPath('C:/UniLu/Spaider/SAMP literature/Literature/space system architecture.pdf'), WindowsPath('C:/UniLu/Spaider/SAMP literature/Literature/SpaceSystemArchitecture_blandino_97.pdf'), WindowsPath('C:/UniLu/Spaider/SAMP literature/Literature/Systems Architecting Methodology for Space Transportation Infrastructure.pdf'), WindowsPath('C:/UniLu/Spaider/SAMP literature/Literature/Systems Engineering - 2012 - Aliakbargolkar - Architecting methodology for spatially and temporally distributed resource.pdf'), WindowsPath('C:/UniLu/Spaider/SAMP literature/Literature/The Modeling and Evaluation of Interplanetary Manned Missions Using System Architecting Techniques.pdf')]
2025-02-18 10:54:39,567 - DEBUG - Copied file: C:\UniLu\Spaider\SAMP literature\Literature\## EXAMINE_Langley_Framework_for_the_Parametric_System_Modeling_of_Sp.pdf to C:\UniLu\Spaider\sagan\sagan_smolagents\sagan_smolagents\projects\project_20250218_105416_586663\data\## EXAMINE_Langley_Framework_for_the_Parametric_System_Modeling_of_Sp.pdf
2025-02-18 10:54:39,569 - DEBUG - Copied file: C:\UniLu\Spaider\SAMP literature\Literature\6.SystemArch_Module_V1.0.pdf to C:\UniLu\Spaider\sagan\sagan_smolagents\sagan_smolagents\projects\project_20250218_105416_586663\data\6.SystemArch_Module_V1.0.pdf
2025-02-18 10:54:39,573 - DEBUG - Copied file: C:\UniLu\Spaider\SAMP literature\Literature\20140017360.pdf to C:\UniLu\Spaider\sagan\sagan_smolagents\sagan_smolagents\projects\project_20250218_105416_586663\data\20140017360.pdf
2025-02-18 10:54:39,575 - DEBUG - Copied file: C:\UniLu\Spaider\SAMP literature\Literature\20150004445.pdf to C:\UniLu\Spaider\sagan\sagan_smolagents\sagan_smolagents\projects\project_20250218_105416_586663\data\20150004445.pdf
2025-02-18 10:54:39,582 - DEBUG - Copied file: C:\UniLu\Spaider\SAMP literature\Literature\A Delphi-Based Framework for systems architecting of in-orbit exploration infrastructure for human exploration beyond Low Earth Orbit.pdf to C:\UniLu\Spaider\sagan\sagan_smolagents\sagan_smolagents\projects\project_20250218_105416_586663\data\A Delphi-Based Framework for systems architecting of in-orbit exploration infrastructure for human exploration beyond Low Earth Orbit.pdf
2025-02-18 10:54:39,584 - DEBUG - Copied file: C:\UniLu\Spaider\SAMP literature\Literature\A VALUE PROPOSITION FOR LUNAR ARCHITECTURES UTILIZING ON-ORBIT PROPELLANT REFUELING .pdf to C:\UniLu\Spaider\sagan\sagan_smolagents\sagan_smolagents\projects\project_20250218_105416_586663\data\A VALUE PROPOSITION FOR LUNAR ARCHITECTURES UTILIZING ON-ORBIT PROPELLANT REFUELING .pdf
2025-02-18 10:54:39,589 - DEBUG - Copied file: C:\UniLu\Spaider\SAMP literature\Literature\ARCHITECT.pdf to C:\UniLu\Spaider\sagan\sagan_smolagents\sagan_smolagents\projects\project_20250218_105416_586663\data\ARCHITECT.pdf
2025-02-18 10:54:39,595 - DEBUG - Copied file: C:\UniLu\Spaider\SAMP literature\Literature\Comparison of Human Exploration Architecture and Campaign Approaches.pdf to C:\UniLu\Spaider\sagan\sagan_smolagents\sagan_smolagents\projects\project_20250218_105416_586663\data\Comparison of Human Exploration Architecture and Campaign Approaches.pdf
2025-02-18 10:54:39,604 - DEBUG - Copied file: C:\UniLu\Spaider\SAMP literature\Literature\dcoley_dissertation.pdf to C:\UniLu\Spaider\sagan\sagan_smolagents\sagan_smolagents\projects\project_20250218_105416_586663\data\dcoley_dissertation.pdf
2025-02-18 10:54:39,607 - DEBUG - Copied file: C:\UniLu\Spaider\SAMP literature\Literature\Design of the VISITOR Tool- A Versatile ImpulSive Interplanetary Trajectory OptimizeR.pdf to C:\UniLu\Spaider\sagan\sagan_smolagents\sagan_smolagents\projects\project_20250218_105416_586663\data\Design of the VISITOR Tool- A Versatile ImpulSive Interplanetary Trajectory OptimizeR.pdf
2025-02-18 10:54:39,613 - DEBUG - Copied file: C:\UniLu\Spaider\SAMP literature\Literature\Earth Orbiting Support Systems for commercial low Earth orbit data relay - Assessing architectures through tradespace exploration.pdf to C:\UniLu\Spaider\sagan\sagan_smolagents\sagan_smolagents\projects\project_20250218_105416_586663\data\Earth Orbiting Support Systems for commercial low Earth orbit data relay - Assessing architectures through tradespace exploration.pdf
2025-02-18 10:54:39,615 - DEBUG - Copied file: C:\UniLu\Spaider\SAMP literature\Literature\Elaasar et al. - 2023 - openCAESAR Balancing Agility and Rigor in MBSE.pdf to C:\UniLu\Spaider\sagan\sagan_smolagents\sagan_smolagents\projects\project_20250218_105416_586663\data\Elaasar et al. - 2023 - openCAESAR Balancing Agility and Rigor in MBSE.pdf
2025-02-18 10:54:39,620 - DEBUG - Copied file: C:\UniLu\Spaider\SAMP literature\Literature\European_Architecture_for_Lunar_Exploration.pdf to C:\UniLu\Spaider\sagan\sagan_smolagents\sagan_smolagents\projects\project_20250218_105416_586663\data\European_Architecture_for_Lunar_Exploration.pdf
2025-02-18 10:54:39,620 - DEBUG - Copied file: C:\UniLu\Spaider\SAMP literature\Literature\fernandez-et-al-97-methontology-from-ontological-art-towards-ontological-engineering.pdf to C:\UniLu\Spaider\sagan\sagan_smolagents\sagan_smolagents\projects\project_20250218_105416_586663\data\fernandez-et-al-97-methontology-from-ontological-art-towards-ontological-engineering.pdf
2025-02-18 10:54:39,633 - DEBUG - Copied file: C:\UniLu\Spaider\SAMP literature\Literature\FinalEconomicAssessmentandSystemsAnalysisofanEvolvableLunarArchitectureELA.pdf to C:\UniLu\Spaider\sagan\sagan_smolagents\sagan_smolagents\projects\project_20250218_105416_586663\data\FinalEconomicAssessmentandSystemsAnalysisofanEvolvableLunarArchitectureELA.pdf
2025-02-18 10:54:39,637 - DEBUG - Copied file: C:\UniLu\Spaider\SAMP literature\Literature\haberfellner-et-al-2019-systems-engineering.pdf to C:\UniLu\Spaider\sagan\sagan_smolagents\sagan_smolagents\projects\project_20250218_105416_586663\data\haberfellner-et-al-2019-systems-engineering.pdf
2025-02-18 10:54:39,646 - DEBUG - Copied file: C:\UniLu\Spaider\SAMP literature\Literature\ISECGLunarRefArchitectureJuly2010.pdf to C:\UniLu\Spaider\sagan\sagan_smolagents\sagan_smolagents\projects\project_20250218_105416_586663\data\ISECGLunarRefArchitectureJuly2010.pdf
2025-02-18 10:54:39,653 - DEBUG - Copied file: C:\UniLu\Spaider\SAMP literature\Literature\Johnson et al. - 2023 - Developing and Testing a Common Space Systems Ontology using OML.pdf to C:\UniLu\Spaider\sagan\sagan_smolagents\sagan_smolagents\projects\project_20250218_105416_586663\data\Johnson et al. - 2023 - Developing and Testing a Common Space Systems Ontology using OML.pdf
2025-02-18 10:54:39,657 - DEBUG - Copied file: C:\UniLu\Spaider\SAMP literature\Literature\knoll-2018-a-concurrent-design-approach-for-model-based-technology-roadmapping.pdf to C:\UniLu\Spaider\sagan\sagan_smolagents\sagan_smolagents\projects\project_20250218_105416_586663\data\knoll-2018-a-concurrent-design-approach-for-model-based-technology-roadmapping.pdf
2025-02-18 10:54:39,660 - DEBUG - Copied file: C:\UniLu\Spaider\SAMP literature\Literature\Lunar human landing system architecture tradespace modeling.pdf to C:\UniLu\Spaider\sagan\sagan_smolagents\sagan_smolagents\projects\project_20250218_105416_586663\data\Lunar human landing system architecture tradespace modeling.pdf
2025-02-18 10:54:39,663 - DEBUG - Copied file: C:\UniLu\Spaider\SAMP literature\Literature\Mankind and Mega-projects.pdf to C:\UniLu\Spaider\sagan\sagan_smolagents\sagan_smolagents\projects\project_20250218_105416_586663\data\Mankind and Mega-projects.pdf
2025-02-18 10:54:39,663 - DEBUG - Copied file: C:\UniLu\Spaider\SAMP literature\Literature\Mega-DriverstoInformNASASpaceTechnologyStrategicPlanning.pdf to C:\UniLu\Spaider\sagan\sagan_smolagents\sagan_smolagents\projects\project_20250218_105416_586663\data\Mega-DriverstoInformNASASpaceTechnologyStrategicPlanning.pdf
2025-02-18 10:54:39,670 - DEBUG - Copied file: C:\UniLu\Spaider\SAMP literature\Literature\metamodel of an informational structure for model-based technology roadmapping.pdf to C:\UniLu\Spaider\sagan\sagan_smolagents\sagan_smolagents\projects\project_20250218_105416_586663\data\metamodel of an informational structure for model-based technology roadmapping.pdf
2025-02-18 10:54:39,670 - DEBUG - Copied file: C:\UniLu\Spaider\SAMP literature\Literature\MissionPlanning_Sequencing.pdf to C:\UniLu\Spaider\sagan\sagan_smolagents\sagan_smolagents\projects\project_20250218_105416_586663\data\MissionPlanning_Sequencing.pdf
2025-02-18 10:54:39,678 - DEBUG - Copied file: C:\UniLu\Spaider\SAMP literature\Literature\NASA-ESA CAA-Report.pdf to C:\UniLu\Spaider\sagan\sagan_smolagents\sagan_smolagents\projects\project_20250218_105416_586663\data\NASA-ESA CAA-Report.pdf
2025-02-18 10:54:39,678 - DEBUG - Copied file: C:\UniLu\Spaider\SAMP literature\Literature\NASAHumanSpaceflightArchitectureTeamCis-LunarAnalysisASCEEarthandSpace2012-LupisellaBobskill.pdf to C:\UniLu\Spaider\sagan\sagan_smolagents\sagan_smolagents\projects\project_20250218_105416_586663\data\NASAHumanSpaceflightArchitectureTeamCis-LunarAnalysisASCEEarthandSpace2012-LupisellaBobskill.pdf
2025-02-18 10:54:39,678 - DEBUG - Copied file: C:\UniLu\Spaider\SAMP literature\Literature\SO06_RADSD-MBED_57418_Paper.pdf to C:\UniLu\Spaider\sagan\sagan_smolagents\sagan_smolagents\projects\project_20250218_105416_586663\data\SO06_RADSD-MBED_57418_Paper.pdf
2025-02-18 10:54:39,688 - DEBUG - Copied file: C:\UniLu\Spaider\SAMP literature\Literature\space system architecture.pdf to C:\UniLu\Spaider\sagan\sagan_smolagents\sagan_smolagents\projects\project_20250218_105416_586663\data\space system architecture.pdf
2025-02-18 10:54:39,691 - DEBUG - Copied file: C:\UniLu\Spaider\SAMP literature\Literature\SpaceSystemArchitecture_blandino_97.pdf to C:\UniLu\Spaider\sagan\sagan_smolagents\sagan_smolagents\projects\project_20250218_105416_586663\data\SpaceSystemArchitecture_blandino_97.pdf
2025-02-18 10:54:39,693 - DEBUG - Copied file: C:\UniLu\Spaider\SAMP literature\Literature\Systems Architecting Methodology for Space Transportation Infrastructure.pdf to C:\UniLu\Spaider\sagan\sagan_smolagents\sagan_smolagents\projects\project_20250218_105416_586663\data\Systems Architecting Methodology for Space Transportation Infrastructure.pdf
2025-02-18 10:54:39,697 - DEBUG - Copied file: C:\UniLu\Spaider\SAMP literature\Literature\Systems Engineering - 2012 - Aliakbargolkar - Architecting methodology for spatially and temporally distributed resource.pdf to C:\UniLu\Spaider\sagan\sagan_smolagents\sagan_smolagents\projects\project_20250218_105416_586663\data\Systems Engineering - 2012 - Aliakbargolkar - Architecting methodology for spatially and temporally distributed resource.pdf
2025-02-18 10:54:39,699 - DEBUG - Copied file: C:\UniLu\Spaider\SAMP literature\Literature\The Modeling and Evaluation of Interplanetary Manned Missions Using System Architecting Techniques.pdf to C:\UniLu\Spaider\sagan\sagan_smolagents\sagan_smolagents\projects\project_20250218_105416_586663\data\The Modeling and Evaluation of Interplanetary Manned Missions Using System Architecting Techniques.pdf
2025-02-18 11:02:41,229 - DEBUG - Copied template: C:\UniLu\Spaider\sagan\sagan_smolagents\sagan_smolagents\fnr_template\Project Idea Template.docx to C:\UniLu\Spaider\sagan\sagan_smolagents\sagan_smolagents\projects\project_20250218_105416_586663\template\Project Idea Template.docx
2025-02-18 11:02:47,191 - DEBUG - Searching for projects in: C:\UniLu\Spaider\sagan\sagan_smolagents\sagan_smolagents\projects
2025-02-18 11:02:47,191 - DEBUG - Checking state file: C:\UniLu\Spaider\sagan\sagan_smolagents\sagan_smolagents\projects\project_20250217_040517_801166\state.json
2025-02-18 11:02:47,191 - DEBUG - Loaded project: tomato (project_20250217_040517_801166)
2025-02-18 11:02:47,191 - DEBUG - Checking state file: C:\UniLu\Spaider\sagan\sagan_smolagents\sagan_smolagents\projects\project_20250217_213236_487243\state.json
2025-02-18 11:02:47,191 - DEBUG - Loaded project: owl (project_20250217_213236_487243)
2025-02-18 11:02:47,191 - DEBUG - Checking state file: C:\UniLu\Spaider\sagan\sagan_smolagents\sagan_smolagents\projects\project_20250218_014817_698707\state.json
2025-02-18 11:02:47,191 - DEBUG - Loaded project: spaceops (project_20250218_014817_698707)
2025-02-18 11:02:47,191 - DEBUG - Checking state file: C:\UniLu\Spaider\sagan\sagan_smolagents\sagan_smolagents\projects\project_20250218_105416_586663\state.json
2025-02-18 11:02:47,191 - DEBUG - Loaded project: samp (project_20250218_105416_586663)
2025-02-18 11:02:47,191 - DEBUG - Found 4 projects
2025-02-18 11:02:47,191 - DEBUG - Showing project menu
2025-02-18 11:02:55,247 - INFO - Running workflow1 for project project_20250218_105416_586663
2025-02-18 11:10:32,545 - ERROR - Failed to run workflow workflow1: Command '['C:\\Users\\sumit\\AppData\\Local\\pypoetry\\Cache\\virtualenvs\\sagan-smolagents-IrcAoJsT-py3.12\\Scripts\\python.exe', 'C:\\UniLu\\Spaider\\sagan\\sagan_smolagents\\sagan_smolagents\\sagan_workflow\\spaider_agent_temp\\app.py', '--project-id', 'project_20250218_105416_586663']' returned non-zero exit status 1.
2025-02-18 11:10:32,545 - ERROR - Application error: Command '['C:\\Users\\sumit\\AppData\\Local\\pypoetry\\Cache\\virtualenvs\\sagan-smolagents-IrcAoJsT-py3.12\\Scripts\\python.exe', 'C:\\UniLu\\Spaider\\sagan\\sagan_smolagents\\sagan_smolagents\\sagan_workflow\\spaider_agent_temp\\app.py', '--project-id', 'project_20250218_105416_586663']' returned non-zero exit status 1.
2025-02-18 11:15:38,054 - INFO - Starting SAGAN Project Manager
2025-02-18 11:15:38,054 - DEBUG - Project initialized with config: <module 'config' from 'C:\\UniLu\\Spaider\\sagan\\sagan_smolagents\\sagan_smolagents\\config.py'>
2025-02-18 11:15:39,641 - DEBUG - Searching for projects in: C:\UniLu\Spaider\sagan\sagan_smolagents\sagan_smolagents\projects
2025-02-18 11:15:39,657 - DEBUG - Checking state file: C:\UniLu\Spaider\sagan\sagan_smolagents\sagan_smolagents\projects\project_20250217_040517_801166\state.json
2025-02-18 11:15:39,657 - DEBUG - Loaded project: tomato (project_20250217_040517_801166)
2025-02-18 11:15:39,657 - DEBUG - Checking state file: C:\UniLu\Spaider\sagan\sagan_smolagents\sagan_smolagents\projects\project_20250217_213236_487243\state.json
2025-02-18 11:15:39,657 - DEBUG - Loaded project: owl (project_20250217_213236_487243)
2025-02-18 11:15:39,657 - DEBUG - Checking state file: C:\UniLu\Spaider\sagan\sagan_smolagents\sagan_smolagents\projects\project_20250218_014817_698707\state.json
2025-02-18 11:15:39,657 - DEBUG - Loaded project: spaceops (project_20250218_014817_698707)
2025-02-18 11:15:39,657 - DEBUG - Checking state file: C:\UniLu\Spaider\sagan\sagan_smolagents\sagan_smolagents\projects\project_20250218_105416_586663\state.json
2025-02-18 11:15:39,657 - DEBUG - Loaded project: samp (project_20250218_105416_586663)
2025-02-18 11:15:39,657 - DEBUG - Found 4 projects
2025-02-18 11:15:39,657 - DEBUG - Showing project menu
2025-02-18 11:15:42,056 - INFO - Running workflow1 for project project_20250218_105416_586663
2025-02-18 11:22:43,051 - ERROR - Failed to run workflow workflow1: Command '['C:\\Users\\sumit\\AppData\\Local\\pypoetry\\Cache\\virtualenvs\\sagan-smolagents-IrcAoJsT-py3.12\\Scripts\\python.exe', 'C:\\UniLu\\Spaider\\sagan\\sagan_smolagents\\sagan_smolagents\\sagan_workflow\\spaider_agent_temp\\app.py', '--project-id', 'project_20250218_105416_586663']' returned non-zero exit status 1.
2025-02-18 11:22:43,051 - ERROR - Application error: Command '['C:\\Users\\sumit\\AppData\\Local\\pypoetry\\Cache\\virtualenvs\\sagan-smolagents-IrcAoJsT-py3.12\\Scripts\\python.exe', 'C:\\UniLu\\Spaider\\sagan\\sagan_smolagents\\sagan_smolagents\\sagan_workflow\\spaider_agent_temp\\app.py', '--project-id', 'project_20250218_105416_586663']' returned non-zero exit status 1.
2025-02-18 11:25:25,808 - INFO - Starting SAGAN Project Manager
2025-02-18 11:25:25,808 - DEBUG - Project initialized with config: <module 'config' from 'C:\\UniLu\\Spaider\\sagan\\sagan_smolagents\\sagan_smolagents\\config.py'>
2025-02-18 11:25:33,498 - DEBUG - Searching for projects in: C:\UniLu\Spaider\sagan\sagan_smolagents\sagan_smolagents\projects
2025-02-18 11:25:33,498 - DEBUG - Checking state file: C:\UniLu\Spaider\sagan\sagan_smolagents\sagan_smolagents\projects\project_20250217_040517_801166\state.json
2025-02-18 11:25:33,498 - DEBUG - Loaded project: tomato (project_20250217_040517_801166)
2025-02-18 11:25:33,498 - DEBUG - Checking state file: C:\UniLu\Spaider\sagan\sagan_smolagents\sagan_smolagents\projects\project_20250217_213236_487243\state.json
2025-02-18 11:25:33,498 - DEBUG - Loaded project: owl (project_20250217_213236_487243)
2025-02-18 11:25:33,498 - DEBUG - Checking state file: C:\UniLu\Spaider\sagan\sagan_smolagents\sagan_smolagents\projects\project_20250218_014817_698707\state.json
2025-02-18 11:25:33,498 - DEBUG - Loaded project: spaceops (project_20250218_014817_698707)
2025-02-18 11:25:33,498 - DEBUG - Checking state file: C:\UniLu\Spaider\sagan\sagan_smolagents\sagan_smolagents\projects\project_20250218_105416_586663\state.json
2025-02-18 11:25:33,498 - DEBUG - Loaded project: samp (project_20250218_105416_586663)
2025-02-18 11:25:33,498 - DEBUG - Found 4 projects
2025-02-18 11:25:33,498 - DEBUG - Showing project menu
2025-02-18 11:25:37,174 - INFO - Running workflow1 for project project_20250218_105416_586663
2025-02-18 11:30:14,707 - INFO - Starting SAGAN Project Manager
2025-02-18 11:30:14,708 - DEBUG - Project initialized with config: <module 'config' from 'C:\\UniLu\\Spaider\\sagan\\sagan_smolagents\\sagan_smolagents\\config.py'>
2025-02-18 11:31:21,513 - DEBUG - Searching for projects in: C:\UniLu\Spaider\sagan\sagan_smolagents\sagan_smolagents\projects
2025-02-18 11:31:21,513 - DEBUG - Checking state file: C:\UniLu\Spaider\sagan\sagan_smolagents\sagan_smolagents\projects\project_20250217_040517_801166\state.json
2025-02-18 11:31:21,513 - DEBUG - Loaded project: tomato (project_20250217_040517_801166)
2025-02-18 11:31:21,513 - DEBUG - Checking state file: C:\UniLu\Spaider\sagan\sagan_smolagents\sagan_smolagents\projects\project_20250217_213236_487243\state.json
2025-02-18 11:31:21,513 - DEBUG - Loaded project: owl (project_20250217_213236_487243)
2025-02-18 11:31:21,513 - DEBUG - Checking state file: C:\UniLu\Spaider\sagan\sagan_smolagents\sagan_smolagents\projects\project_20250218_014817_698707\state.json
2025-02-18 11:31:21,513 - DEBUG - Loaded project: spaceops (project_20250218_014817_698707)
2025-02-18 11:31:21,513 - DEBUG - Checking state file: C:\UniLu\Spaider\sagan\sagan_smolagents\sagan_smolagents\projects\project_20250218_105416_586663\state.json
2025-02-18 11:31:21,513 - DEBUG - Loaded project: samp (project_20250218_105416_586663)
2025-02-18 11:31:21,513 - DEBUG - Found 4 projects
2025-02-18 11:31:21,513 - DEBUG - Showing project menu
2025-02-18 11:31:25,729 - INFO - Running workflow1 for project project_20250218_105416_586663
2025-02-18 11:38:17,491 - INFO - Starting SAGAN Project Manager
2025-02-18 11:38:17,492 - DEBUG - Project initialized with config: <module 'config' from 'C:\\UniLu\\Spaider\\sagan\\sagan_smolagents\\sagan_smolagents\\config.py'>
2025-02-18 11:38:19,335 - DEBUG - Searching for projects in: C:\UniLu\Spaider\sagan\sagan_smolagents\sagan_smolagents\projects
2025-02-18 11:38:19,335 - DEBUG - Checking state file: C:\UniLu\Spaider\sagan\sagan_smolagents\sagan_smolagents\projects\project_20250217_040517_801166\state.json
2025-02-18 11:38:19,335 - DEBUG - Loaded project: tomato (project_20250217_040517_801166)
2025-02-18 11:38:19,335 - DEBUG - Checking state file: C:\UniLu\Spaider\sagan\sagan_smolagents\sagan_smolagents\projects\project_20250217_213236_487243\state.json
2025-02-18 11:38:19,335 - DEBUG - Loaded project: owl (project_20250217_213236_487243)
2025-02-18 11:38:19,351 - DEBUG - Checking state file: C:\UniLu\Spaider\sagan\sagan_smolagents\sagan_smolagents\projects\project_20250218_014817_698707\state.json
2025-02-18 11:38:19,351 - DEBUG - Loaded project: spaceops (project_20250218_014817_698707)
2025-02-18 11:38:19,351 - DEBUG - Checking state file: C:\UniLu\Spaider\sagan\sagan_smolagents\sagan_smolagents\projects\project_20250218_105416_586663\state.json
2025-02-18 11:38:19,351 - DEBUG - Loaded project: samp (project_20250218_105416_586663)
2025-02-18 11:38:19,351 - DEBUG - Found 4 projects
2025-02-18 11:38:19,351 - DEBUG - Showing project menu
2025-02-18 11:38:22,107 - INFO - Running workflow1 for project project_20250218_105416_586663
2025-02-18 11:38:39,963 - ERROR - Failed to run workflow workflow1: Command '['C:\\Users\\sumit\\AppData\\Local\\pypoetry\\Cache\\virtualenvs\\sagan-smolagents-IrcAoJsT-py3.12\\Scripts\\python.exe', 'C:\\UniLu\\Spaider\\sagan\\sagan_smolagents\\sagan_smolagents\\sagan_workflow\\spaider_agent_temp\\app.py', '--project-id', 'project_20250218_105416_586663']' returned non-zero exit status 1.
2025-02-18 11:38:39,967 - ERROR - Application error: Command '['C:\\Users\\sumit\\AppData\\Local\\pypoetry\\Cache\\virtualenvs\\sagan-smolagents-IrcAoJsT-py3.12\\Scripts\\python.exe', 'C:\\UniLu\\Spaider\\sagan\\sagan_smolagents\\sagan_smolagents\\sagan_workflow\\spaider_agent_temp\\app.py', '--project-id', 'project_20250218_105416_586663']' returned non-zero exit status 1.
2025-02-18 11:43:59,222 - INFO - Starting SAGAN Project Manager
2025-02-18 11:43:59,223 - DEBUG - Project initialized with config: <module 'config' from 'C:\\UniLu\\Spaider\\sagan\\sagan_smolagents\\sagan_smolagents\\config.py'>
2025-02-18 11:44:23,741 - DEBUG - Searching for projects in: C:\UniLu\Spaider\sagan\sagan_smolagents\sagan_smolagents\projects
2025-02-18 11:44:23,741 - DEBUG - Checking state file: C:\UniLu\Spaider\sagan\sagan_smolagents\sagan_smolagents\projects\project_20250217_040517_801166\state.json
2025-02-18 11:44:23,741 - DEBUG - Loaded project: tomato (project_20250217_040517_801166)
2025-02-18 11:44:23,757 - DEBUG - Checking state file: C:\UniLu\Spaider\sagan\sagan_smolagents\sagan_smolagents\projects\project_20250217_213236_487243\state.json
2025-02-18 11:44:23,757 - DEBUG - Loaded project: owl (project_20250217_213236_487243)
2025-02-18 11:44:23,757 - DEBUG - Checking state file: C:\UniLu\Spaider\sagan\sagan_smolagents\sagan_smolagents\projects\project_20250218_014817_698707\state.json
2025-02-18 11:44:23,757 - DEBUG - Loaded project: spaceops (project_20250218_014817_698707)
2025-02-18 11:44:23,757 - DEBUG - Checking state file: C:\UniLu\Spaider\sagan\sagan_smolagents\sagan_smolagents\projects\project_20250218_105416_586663\state.json
2025-02-18 11:44:23,757 - DEBUG - Loaded project: samp (project_20250218_105416_586663)
2025-02-18 11:44:23,757 - DEBUG - Found 4 projects
2025-02-18 11:44:23,757 - DEBUG - Showing project menu
2025-02-18 11:44:25,749 - INFO - Running workflow1 for project project_20250218_105416_586663
2025-02-18 11:45:19,951 - ERROR - Failed to run workflow workflow1: Command '['C:\\Users\\sumit\\AppData\\Local\\pypoetry\\Cache\\virtualenvs\\sagan-smolagents-IrcAoJsT-py3.12\\Scripts\\python.exe', 'C:\\UniLu\\Spaider\\sagan\\sagan_smolagents\\sagan_smolagents\\sagan_workflow\\spaider_agent_temp\\app.py', '--project-id', 'project_20250218_105416_586663']' returned non-zero exit status 1.
2025-02-18 11:45:19,952 - ERROR - Application error: Command '['C:\\Users\\sumit\\AppData\\Local\\pypoetry\\Cache\\virtualenvs\\sagan-smolagents-IrcAoJsT-py3.12\\Scripts\\python.exe', 'C:\\UniLu\\Spaider\\sagan\\sagan_smolagents\\sagan_smolagents\\sagan_workflow\\spaider_agent_temp\\app.py', '--project-id', 'project_20250218_105416_586663']' returned non-zero exit status 1.
2025-02-18 12:40:36,056 - INFO - Starting SAGAN Project Manager
2025-02-18 12:40:36,057 - DEBUG - Project initialized with config: <module 'config' from 'C:\\UniLu\\Spaider\\sagan\\sagan_smolagents\\sagan_smolagents\\config.py'>
2025-02-18 12:40:42,851 - DEBUG - Searching for projects in: C:\UniLu\Spaider\sagan\sagan_smolagents\sagan_smolagents\projects
2025-02-18 12:40:42,851 - DEBUG - Checking state file: C:\UniLu\Spaider\sagan\sagan_smolagents\sagan_smolagents\projects\project_20250217_040517_801166\state.json
2025-02-18 12:40:42,851 - DEBUG - Loaded project: tomato (project_20250217_040517_801166)
2025-02-18 12:40:42,851 - DEBUG - Checking state file: C:\UniLu\Spaider\sagan\sagan_smolagents\sagan_smolagents\projects\project_20250217_213236_487243\state.json
2025-02-18 12:40:42,851 - DEBUG - Loaded project: owl (project_20250217_213236_487243)
2025-02-18 12:40:42,851 - DEBUG - Checking state file: C:\UniLu\Spaider\sagan\sagan_smolagents\sagan_smolagents\projects\project_20250218_014817_698707\state.json
2025-02-18 12:40:42,851 - DEBUG - Loaded project: spaceops (project_20250218_014817_698707)
2025-02-18 12:40:42,851 - DEBUG - Checking state file: C:\UniLu\Spaider\sagan\sagan_smolagents\sagan_smolagents\projects\project_20250218_105416_586663\state.json
2025-02-18 12:40:42,851 - DEBUG - Loaded project: samp (project_20250218_105416_586663)
2025-02-18 12:40:42,851 - DEBUG - Found 4 projects
2025-02-18 12:40:42,851 - DEBUG - Showing project menu
2025-02-18 12:40:45,038 - INFO - Running workflow1 for project project_20250218_105416_586663
2025-02-18 12:41:00,179 - ERROR - Failed to run workflow workflow1: Command '['C:\\Users\\sumit\\AppData\\Local\\pypoetry\\Cache\\virtualenvs\\sagan-smolagents-IrcAoJsT-py3.12\\Scripts\\python.exe', 'C:\\UniLu\\Spaider\\sagan\\sagan_smolagents\\sagan_smolagents\\sagan_workflow\\spaider_agent_temp\\app.py', '--project-id', 'project_20250218_105416_586663']' returned non-zero exit status 1.
2025-02-18 12:41:00,179 - ERROR - Application error: Command '['C:\\Users\\sumit\\AppData\\Local\\pypoetry\\Cache\\virtualenvs\\sagan-smolagents-IrcAoJsT-py3.12\\Scripts\\python.exe', 'C:\\UniLu\\Spaider\\sagan\\sagan_smolagents\\sagan_smolagents\\sagan_workflow\\spaider_agent_temp\\app.py', '--project-id', 'project_20250218_105416_586663']' returned non-zero exit status 1.
2025-02-18 13:03:36,922 - INFO - Starting SAGAN Project Manager
2025-02-18 13:03:36,922 - DEBUG - Project initialized with config: <module 'config' from 'C:\\UniLu\\Spaider\\sagan\\sagan_smolagents\\sagan_smolagents\\config.py'>
2025-02-18 13:03:40,181 - DEBUG - Searching for projects in: C:\UniLu\Spaider\sagan\sagan_smolagents\sagan_smolagents\projects
2025-02-18 13:03:40,181 - DEBUG - Checking state file: C:\UniLu\Spaider\sagan\sagan_smolagents\sagan_smolagents\projects\project_20250217_040517_801166\state.json
2025-02-18 13:03:40,181 - DEBUG - Loaded project: tomato (project_20250217_040517_801166)
2025-02-18 13:03:40,181 - DEBUG - Checking state file: C:\UniLu\Spaider\sagan\sagan_smolagents\sagan_smolagents\projects\project_20250217_213236_487243\state.json
2025-02-18 13:03:40,197 - DEBUG - Loaded project: owl (project_20250217_213236_487243)
2025-02-18 13:03:40,197 - DEBUG - Checking state file: C:\UniLu\Spaider\sagan\sagan_smolagents\sagan_smolagents\projects\project_20250218_014817_698707\state.json
2025-02-18 13:03:40,197 - DEBUG - Loaded project: spaceops (project_20250218_014817_698707)
2025-02-18 13:03:40,197 - DEBUG - Checking state file: C:\UniLu\Spaider\sagan\sagan_smolagents\sagan_smolagents\projects\project_20250218_105416_586663\state.json
2025-02-18 13:03:40,200 - DEBUG - Loaded project: samp (project_20250218_105416_586663)
2025-02-18 13:03:40,200 - DEBUG - Found 4 projects
2025-02-18 13:03:40,200 - DEBUG - Showing project menu
2025-02-18 13:03:42,673 - INFO - Running workflow1 for project project_20250218_105416_586663
2025-02-18 13:04:10,250 - ERROR - Failed to run workflow workflow1: Command '['C:\\Users\\sumit\\AppData\\Local\\pypoetry\\Cache\\virtualenvs\\sagan-smolagents-IrcAoJsT-py3.12\\Scripts\\python.exe', 'C:\\UniLu\\Spaider\\sagan\\sagan_smolagents\\sagan_smolagents\\sagan_workflow\\spaider_agent_temp\\app.py', '--project-id', 'project_20250218_105416_586663']' returned non-zero exit status 1.
2025-02-18 13:04:10,250 - ERROR - Application error: Command '['C:\\Users\\sumit\\AppData\\Local\\pypoetry\\Cache\\virtualenvs\\sagan-smolagents-IrcAoJsT-py3.12\\Scripts\\python.exe', 'C:\\UniLu\\Spaider\\sagan\\sagan_smolagents\\sagan_smolagents\\sagan_workflow\\spaider_agent_temp\\app.py', '--project-id', 'project_20250218_105416_586663']' returned non-zero exit status 1.
2025-02-18 13:17:06,123 - INFO - Starting SAGAN Project Manager
2025-02-18 13:17:06,123 - DEBUG - Project initialized with config: <module 'config' from 'C:\\UniLu\\Spaider\\sagan\\sagan_smolagents\\sagan_smolagents\\config.py'>
2025-02-18 13:17:48,001 - DEBUG - Searching for projects in: C:\UniLu\Spaider\sagan\sagan_smolagents\sagan_smolagents\projects
2025-02-18 13:17:48,001 - DEBUG - Checking state file: C:\UniLu\Spaider\sagan\sagan_smolagents\sagan_smolagents\projects\project_20250217_040517_801166\state.json
2025-02-18 13:17:48,001 - DEBUG - Loaded project: tomato (project_20250217_040517_801166)
2025-02-18 13:17:48,001 - DEBUG - Checking state file: C:\UniLu\Spaider\sagan\sagan_smolagents\sagan_smolagents\projects\project_20250217_213236_487243\state.json
2025-02-18 13:17:48,001 - DEBUG - Loaded project: owl (project_20250217_213236_487243)
2025-02-18 13:17:48,001 - DEBUG - Checking state file: C:\UniLu\Spaider\sagan\sagan_smolagents\sagan_smolagents\projects\project_20250218_014817_698707\state.json
2025-02-18 13:17:48,001 - DEBUG - Loaded project: spaceops (project_20250218_014817_698707)
2025-02-18 13:17:48,001 - DEBUG - Checking state file: C:\UniLu\Spaider\sagan\sagan_smolagents\sagan_smolagents\projects\project_20250218_105416_586663\state.json
2025-02-18 13:17:48,001 - DEBUG - Loaded project: samp (project_20250218_105416_586663)
2025-02-18 13:17:48,001 - DEBUG - Found 4 projects
2025-02-18 13:17:48,001 - DEBUG - Showing project menu
2025-02-18 13:17:51,051 - INFO - Running workflow1 for project project_20250218_105416_586663
2025-02-18 13:17:59,965 - ERROR - Failed to run workflow workflow1: Command '['C:\\Users\\sumit\\AppData\\Local\\pypoetry\\Cache\\virtualenvs\\sagan-smolagents-IrcAoJsT-py3.12\\Scripts\\python.exe', 'C:\\UniLu\\Spaider\\sagan\\sagan_smolagents\\sagan_smolagents\\sagan_workflow\\spaider_agent_temp\\app.py', '--project-id', 'project_20250218_105416_586663']' returned non-zero exit status 1.
2025-02-18 13:17:59,965 - ERROR - Application error: Command '['C:\\Users\\sumit\\AppData\\Local\\pypoetry\\Cache\\virtualenvs\\sagan-smolagents-IrcAoJsT-py3.12\\Scripts\\python.exe', 'C:\\UniLu\\Spaider\\sagan\\sagan_smolagents\\sagan_smolagents\\sagan_workflow\\spaider_agent_temp\\app.py', '--project-id', 'project_20250218_105416_586663']' returned non-zero exit status 1.
2025-02-18 13:20:16,169 - INFO - Starting SAGAN Project Manager
2025-02-18 13:20:16,169 - DEBUG - Project initialized with config: <module 'config' from 'C:\\UniLu\\Spaider\\sagan\\sagan_smolagents\\sagan_smolagents\\config.py'>
2025-02-18 13:20:45,129 - DEBUG - Searching for projects in: C:\UniLu\Spaider\sagan\sagan_smolagents\sagan_smolagents\projects
2025-02-18 13:20:45,129 - DEBUG - Checking state file: C:\UniLu\Spaider\sagan\sagan_smolagents\sagan_smolagents\projects\project_20250217_040517_801166\state.json
2025-02-18 13:20:45,129 - DEBUG - Loaded project: tomato (project_20250217_040517_801166)
2025-02-18 13:20:45,129 - DEBUG - Checking state file: C:\UniLu\Spaider\sagan\sagan_smolagents\sagan_smolagents\projects\project_20250217_213236_487243\state.json
2025-02-18 13:20:45,129 - DEBUG - Loaded project: owl (project_20250217_213236_487243)
2025-02-18 13:20:45,129 - DEBUG - Checking state file: C:\UniLu\Spaider\sagan\sagan_smolagents\sagan_smolagents\projects\project_20250218_014817_698707\state.json
2025-02-18 13:20:45,129 - DEBUG - Loaded project: spaceops (project_20250218_014817_698707)
2025-02-18 13:20:45,129 - DEBUG - Checking state file: C:\UniLu\Spaider\sagan\sagan_smolagents\sagan_smolagents\projects\project_20250218_105416_586663\state.json
2025-02-18 13:20:45,129 - DEBUG - Loaded project: samp (project_20250218_105416_586663)
2025-02-18 13:20:45,129 - DEBUG - Found 4 projects
2025-02-18 13:20:45,129 - DEBUG - Showing project menu
2025-02-18 13:20:48,428 - INFO - Running workflow1 for project project_20250218_105416_586663
2025-02-18 13:21:36,606 - ERROR - Failed to run workflow workflow1: Command '['C:\\Users\\sumit\\AppData\\Local\\pypoetry\\Cache\\virtualenvs\\sagan-smolagents-IrcAoJsT-py3.12\\Scripts\\python.exe', 'C:\\UniLu\\Spaider\\sagan\\sagan_smolagents\\sagan_smolagents\\sagan_workflow\\spaider_agent_temp\\app.py', '--project-id', 'project_20250218_105416_586663']' returned non-zero exit status 1.
2025-02-18 13:21:36,606 - ERROR - Application error: Command '['C:\\Users\\sumit\\AppData\\Local\\pypoetry\\Cache\\virtualenvs\\sagan-smolagents-IrcAoJsT-py3.12\\Scripts\\python.exe', 'C:\\UniLu\\Spaider\\sagan\\sagan_smolagents\\sagan_smolagents\\sagan_workflow\\spaider_agent_temp\\app.py', '--project-id', 'project_20250218_105416_586663']' returned non-zero exit status 1.
2025-02-18 13:25:46,193 - INFO - Starting SAGAN Project Manager
2025-02-18 13:25:46,193 - DEBUG - Project initialized with config: <module 'config' from 'C:\\UniLu\\Spaider\\sagan\\sagan_smolagents\\sagan_smolagents\\config.py'>
2025-02-18 13:25:47,974 - DEBUG - Searching for projects in: C:\UniLu\Spaider\sagan\sagan_smolagents\sagan_smolagents\projects
2025-02-18 13:25:47,974 - DEBUG - Checking state file: C:\UniLu\Spaider\sagan\sagan_smolagents\sagan_smolagents\projects\project_20250217_040517_801166\state.json
2025-02-18 13:25:47,974 - DEBUG - Loaded project: tomato (project_20250217_040517_801166)
2025-02-18 13:25:47,974 - DEBUG - Checking state file: C:\UniLu\Spaider\sagan\sagan_smolagents\sagan_smolagents\projects\project_20250217_213236_487243\state.json
2025-02-18 13:25:47,974 - DEBUG - Loaded project: owl (project_20250217_213236_487243)
2025-02-18 13:25:47,974 - DEBUG - Checking state file: C:\UniLu\Spaider\sagan\sagan_smolagents\sagan_smolagents\projects\project_20250218_014817_698707\state.json
2025-02-18 13:25:47,974 - DEBUG - Loaded project: spaceops (project_20250218_014817_698707)
2025-02-18 13:25:47,974 - DEBUG - Checking state file: C:\UniLu\Spaider\sagan\sagan_smolagents\sagan_smolagents\projects\project_20250218_105416_586663\state.json
2025-02-18 13:25:47,974 - DEBUG - Loaded project: samp (project_20250218_105416_586663)
2025-02-18 13:25:47,974 - DEBUG - Found 4 projects
2025-02-18 13:25:47,974 - DEBUG - Showing project menu
2025-02-18 13:25:51,463 - INFO - Running workflow1 for project project_20250218_105416_586663
2025-02-18 13:26:09,139 - ERROR - Failed to run workflow workflow1: Command '['C:\\Users\\sumit\\AppData\\Local\\pypoetry\\Cache\\virtualenvs\\sagan-smolagents-IrcAoJsT-py3.12\\Scripts\\python.exe', 'C:\\UniLu\\Spaider\\sagan\\sagan_smolagents\\sagan_smolagents\\sagan_workflow\\spaider_agent_temp\\app.py', '--project-id', 'project_20250218_105416_586663']' returned non-zero exit status 1.
2025-02-18 13:26:09,139 - ERROR - Application error: Command '['C:\\Users\\sumit\\AppData\\Local\\pypoetry\\Cache\\virtualenvs\\sagan-smolagents-IrcAoJsT-py3.12\\Scripts\\python.exe', 'C:\\UniLu\\Spaider\\sagan\\sagan_smolagents\\sagan_smolagents\\sagan_workflow\\spaider_agent_temp\\app.py', '--project-id', 'project_20250218_105416_586663']' returned non-zero exit status 1.
2025-02-18 13:29:21,747 - INFO - Starting SAGAN Project Manager
2025-02-18 13:29:21,748 - DEBUG - Project initialized with config: <module 'config' from 'C:\\UniLu\\Spaider\\sagan\\sagan_smolagents\\sagan_smolagents\\config.py'>
2025-02-18 13:29:24,799 - DEBUG - Searching for projects in: C:\UniLu\Spaider\sagan\sagan_smolagents\sagan_smolagents\projects
2025-02-18 13:29:24,799 - DEBUG - Checking state file: C:\UniLu\Spaider\sagan\sagan_smolagents\sagan_smolagents\projects\project_20250217_040517_801166\state.json
2025-02-18 13:29:24,799 - DEBUG - Loaded project: tomato (project_20250217_040517_801166)
2025-02-18 13:29:24,799 - DEBUG - Checking state file: C:\UniLu\Spaider\sagan\sagan_smolagents\sagan_smolagents\projects\project_20250217_213236_487243\state.json
2025-02-18 13:29:24,799 - DEBUG - Loaded project: owl (project_20250217_213236_487243)
2025-02-18 13:29:24,799 - DEBUG - Checking state file: C:\UniLu\Spaider\sagan\sagan_smolagents\sagan_smolagents\projects\project_20250218_014817_698707\state.json
2025-02-18 13:29:24,799 - DEBUG - Loaded project: spaceops (project_20250218_014817_698707)
2025-02-18 13:29:24,799 - DEBUG - Checking state file: C:\UniLu\Spaider\sagan\sagan_smolagents\sagan_smolagents\projects\project_20250218_105416_586663\state.json
2025-02-18 13:29:24,799 - DEBUG - Loaded project: samp (project_20250218_105416_586663)
2025-02-18 13:29:24,799 - DEBUG - Found 4 projects
2025-02-18 13:29:24,799 - DEBUG - Showing project menu
2025-02-18 13:29:27,026 - INFO - Running workflow1 for project project_20250218_105416_586663
2025-02-18 13:38:34,808 - INFO - Starting SAGAN Project Manager
2025-02-18 13:38:34,810 - DEBUG - Project initialized with config: <module 'config' from 'C:\\UniLu\\Spaider\\sagan\\sagan_smolagents\\sagan_smolagents\\config.py'>
2025-02-18 13:38:36,027 - DEBUG - Searching for projects in: C:\UniLu\Spaider\sagan\sagan_smolagents\sagan_smolagents\projects
2025-02-18 13:38:36,027 - DEBUG - Checking state file: C:\UniLu\Spaider\sagan\sagan_smolagents\sagan_smolagents\projects\project_20250217_040517_801166\state.json
2025-02-18 13:38:36,027 - DEBUG - Loaded project: tomato (project_20250217_040517_801166)
2025-02-18 13:38:36,027 - DEBUG - Checking state file: C:\UniLu\Spaider\sagan\sagan_smolagents\sagan_smolagents\projects\project_20250217_213236_487243\state.json
2025-02-18 13:38:36,027 - DEBUG - Loaded project: owl (project_20250217_213236_487243)
2025-02-18 13:38:36,027 - DEBUG - Checking state file: C:\UniLu\Spaider\sagan\sagan_smolagents\sagan_smolagents\projects\project_20250218_014817_698707\state.json
2025-02-18 13:38:36,027 - DEBUG - Loaded project: spaceops (project_20250218_014817_698707)
2025-02-18 13:38:36,043 - DEBUG - Checking state file: C:\UniLu\Spaider\sagan\sagan_smolagents\sagan_smolagents\projects\project_20250218_105416_586663\state.json
2025-02-18 13:38:36,043 - DEBUG - Loaded project: samp (project_20250218_105416_586663)
2025-02-18 13:38:36,045 - DEBUG - Found 4 projects
2025-02-18 13:38:36,045 - DEBUG - Showing project menu
2025-02-18 13:38:38,160 - INFO - Running workflow1 for project project_20250218_105416_586663
2025-02-18 13:54:32,477 - INFO - Starting SAGAN Project Manager
2025-02-18 13:54:32,480 - DEBUG - Project initialized with config: <module 'config' from 'C:\\UniLu\\Spaider\\sagan\\sagan_smolagents\\sagan_smolagents\\config.py'>
2025-02-18 13:54:42,432 - DEBUG - Searching for projects in: C:\UniLu\Spaider\sagan\sagan_smolagents\sagan_smolagents\projects
2025-02-18 13:54:42,432 - DEBUG - Checking state file: C:\UniLu\Spaider\sagan\sagan_smolagents\sagan_smolagents\projects\project_20250217_040517_801166\state.json
2025-02-18 13:54:42,432 - DEBUG - Loaded project: tomato (project_20250217_040517_801166)
2025-02-18 13:54:42,432 - DEBUG - Checking state file: C:\UniLu\Spaider\sagan\sagan_smolagents\sagan_smolagents\projects\project_20250217_213236_487243\state.json
2025-02-18 13:54:42,432 - DEBUG - Loaded project: owl (project_20250217_213236_487243)
2025-02-18 13:54:42,432 - DEBUG - Checking state file: C:\UniLu\Spaider\sagan\sagan_smolagents\sagan_smolagents\projects\project_20250218_014817_698707\state.json
2025-02-18 13:54:42,432 - DEBUG - Loaded project: spaceops (project_20250218_014817_698707)
2025-02-18 13:54:42,445 - DEBUG - Checking state file: C:\UniLu\Spaider\sagan\sagan_smolagents\sagan_smolagents\projects\project_20250218_105416_586663\state.json
2025-02-18 13:54:42,445 - DEBUG - Loaded project: samp (project_20250218_105416_586663)
2025-02-18 13:54:42,445 - DEBUG - Found 4 projects
2025-02-18 13:54:42,447 - DEBUG - Showing project menu
2025-02-18 13:54:44,727 - INFO - Running workflow1 for project project_20250218_105416_586663
2025-02-18 14:32:17,606 - INFO - Starting SAGAN Project Manager
2025-02-18 14:32:17,606 - DEBUG - Project initialized with config: <module 'config' from 'C:\\UniLu\\Spaider\\sagan\\sagan_smolagents\\sagan_smolagents\\config.py'>
2025-02-18 14:32:18,768 - DEBUG - Searching for projects in: C:\UniLu\Spaider\sagan\sagan_smolagents\sagan_smolagents\projects
2025-02-18 14:32:18,768 - DEBUG - Checking state file: C:\UniLu\Spaider\sagan\sagan_smolagents\sagan_smolagents\projects\project_20250217_040517_801166\state.json
2025-02-18 14:32:18,771 - DEBUG - Loaded project: tomato (project_20250217_040517_801166)
2025-02-18 14:32:18,771 - DEBUG - Checking state file: C:\UniLu\Spaider\sagan\sagan_smolagents\sagan_smolagents\projects\project_20250217_213236_487243\state.json
2025-02-18 14:32:18,771 - DEBUG - Loaded project: owl (project_20250217_213236_487243)
2025-02-18 14:32:18,771 - DEBUG - Checking state file: C:\UniLu\Spaider\sagan\sagan_smolagents\sagan_smolagents\projects\project_20250218_014817_698707\state.json
2025-02-18 14:32:18,771 - DEBUG - Loaded project: spaceops (project_20250218_014817_698707)
2025-02-18 14:32:18,774 - DEBUG - Checking state file: C:\UniLu\Spaider\sagan\sagan_smolagents\sagan_smolagents\projects\project_20250218_105416_586663\state.json
2025-02-18 14:32:18,775 - DEBUG - Loaded project: samp (project_20250218_105416_586663)
2025-02-18 14:32:18,775 - DEBUG - Found 4 projects
2025-02-18 14:32:18,775 - DEBUG - Showing project menu
2025-02-18 14:32:21,132 - INFO - Running workflow1 for project project_20250218_105416_586663
2025-02-18 14:40:58,009 - INFO - Starting SAGAN Project Manager
2025-02-18 14:40:58,009 - DEBUG - Project initialized with config: <module 'config' from 'C:\\UniLu\\Spaider\\sagan\\sagan_smolagents\\sagan_smolagents\\config.py'>
2025-02-18 14:41:03,801 - DEBUG - Searching for projects in: C:\UniLu\Spaider\sagan\sagan_smolagents\sagan_smolagents\projects
2025-02-18 14:41:03,801 - DEBUG - Checking state file: C:\UniLu\Spaider\sagan\sagan_smolagents\sagan_smolagents\projects\project_20250217_040517_801166\state.json
2025-02-18 14:41:03,801 - DEBUG - Loaded project: tomato (project_20250217_040517_801166)
2025-02-18 14:41:03,801 - DEBUG - Checking state file: C:\UniLu\Spaider\sagan\sagan_smolagents\sagan_smolagents\projects\project_20250217_213236_487243\state.json
2025-02-18 14:41:03,801 - DEBUG - Loaded project: owl (project_20250217_213236_487243)
2025-02-18 14:41:03,801 - DEBUG - Checking state file: C:\UniLu\Spaider\sagan\sagan_smolagents\sagan_smolagents\projects\project_20250218_014817_698707\state.json
2025-02-18 14:41:03,801 - DEBUG - Loaded project: spaceops (project_20250218_014817_698707)
2025-02-18 14:41:03,801 - DEBUG - Checking state file: C:\UniLu\Spaider\sagan\sagan_smolagents\sagan_smolagents\projects\project_20250218_105416_586663\state.json
2025-02-18 14:41:03,801 - DEBUG - Loaded project: samp (project_20250218_105416_586663)
2025-02-18 14:41:03,801 - DEBUG - Found 4 projects
2025-02-18 14:41:03,801 - DEBUG - Showing project menu
2025-02-18 14:41:08,076 - INFO - Running workflow1 for project project_20250218_105416_586663
2025-02-18 14:44:14,075 - INFO - Starting SAGAN Project Manager
2025-02-18 14:44:14,075 - DEBUG - Project initialized with config: <module 'config' from 'C:\\UniLu\\Spaider\\sagan\\sagan_smolagents\\sagan_smolagents\\config.py'>
2025-02-18 14:44:15,299 - DEBUG - Searching for projects in: C:\UniLu\Spaider\sagan\sagan_smolagents\sagan_smolagents\projects
2025-02-18 14:44:15,299 - DEBUG - Checking state file: C:\UniLu\Spaider\sagan\sagan_smolagents\sagan_smolagents\projects\project_20250217_040517_801166\state.json
2025-02-18 14:44:15,299 - DEBUG - Loaded project: tomato (project_20250217_040517_801166)
2025-02-18 14:44:15,299 - DEBUG - Checking state file: C:\UniLu\Spaider\sagan\sagan_smolagents\sagan_smolagents\projects\project_20250217_213236_487243\state.json
2025-02-18 14:44:15,299 - DEBUG - Loaded project: owl (project_20250217_213236_487243)
2025-02-18 14:44:15,299 - DEBUG - Checking state file: C:\UniLu\Spaider\sagan\sagan_smolagents\sagan_smolagents\projects\project_20250218_014817_698707\state.json
2025-02-18 14:44:15,299 - DEBUG - Loaded project: spaceops (project_20250218_014817_698707)
2025-02-18 14:44:15,299 - DEBUG - Checking state file: C:\UniLu\Spaider\sagan\sagan_smolagents\sagan_smolagents\projects\project_20250218_105416_586663\state.json
2025-02-18 14:44:15,313 - DEBUG - Loaded project: samp (project_20250218_105416_586663)
2025-02-18 14:44:15,313 - DEBUG - Found 4 projects
2025-02-18 14:44:15,313 - DEBUG - Showing project menu
2025-02-18 14:44:17,573 - INFO - Running workflow1 for project project_20250218_105416_586663
2025-02-18 15:32:35,083 - INFO - Starting SAGAN Project Manager
2025-02-18 15:32:35,083 - DEBUG - Project initialized with config: <module 'config' from 'C:\\UniLu\\Spaider\\sagan\\sagan_smolagents\\sagan_smolagents\\config.py'>
2025-02-18 15:32:37,679 - DEBUG - Searching for projects in: C:\UniLu\Spaider\sagan\sagan_smolagents\sagan_smolagents\projects
2025-02-18 15:32:37,679 - DEBUG - Checking state file: C:\UniLu\Spaider\sagan\sagan_smolagents\sagan_smolagents\projects\project_20250217_040517_801166\state.json
2025-02-18 15:32:37,696 - DEBUG - Loaded project: tomato (project_20250217_040517_801166)
2025-02-18 15:32:37,697 - DEBUG - Checking state file: C:\UniLu\Spaider\sagan\sagan_smolagents\sagan_smolagents\projects\project_20250217_213236_487243\state.json
2025-02-18 15:32:37,697 - DEBUG - Loaded project: owl (project_20250217_213236_487243)
2025-02-18 15:32:37,698 - DEBUG - Checking state file: C:\UniLu\Spaider\sagan\sagan_smolagents\sagan_smolagents\projects\project_20250218_014817_698707\state.json
2025-02-18 15:32:37,699 - DEBUG - Loaded project: spaceops (project_20250218_014817_698707)
2025-02-18 15:32:37,699 - DEBUG - Checking state file: C:\UniLu\Spaider\sagan\sagan_smolagents\sagan_smolagents\projects\project_20250218_105416_586663\state.json
2025-02-18 15:32:37,700 - DEBUG - Loaded project: samp (project_20250218_105416_586663)
2025-02-18 15:32:37,700 - DEBUG - Found 4 projects
2025-02-18 15:32:37,700 - DEBUG - Showing project menu
2025-02-18 15:32:41,857 - INFO - Running workflow1 for project project_20250218_014817_698707
